-- phpMyAdmin SQL Dump
-- version 4.8.3
-- https://www.phpmyadmin.net/
--
-- Host: 127.0.0.1
-- Generation Time: Nov 08, 2019 at 06:26 PM
-- Server version: 10.1.36-MariaDB
-- PHP Version: 7.2.11

SET SQL_MODE = "NO_AUTO_VALUE_ON_ZERO";
SET AUTOCOMMIT = 0;
START TRANSACTION;
SET time_zone = "+00:00";


/*!40101 SET @OLD_CHARACTER_SET_CLIENT=@@CHARACTER_SET_CLIENT */;
/*!40101 SET @OLD_CHARACTER_SET_RESULTS=@@CHARACTER_SET_RESULTS */;
/*!40101 SET @OLD_COLLATION_CONNECTION=@@COLLATION_CONNECTION */;
/*!40101 SET NAMES utf8mb4 */;

--
-- Database: `redbit`
--

-- --------------------------------------------------------

--
-- Table structure for table `admins`
--

CREATE TABLE `admins` (
  `id` int(10) UNSIGNED NOT NULL,
  `name` varchar(191) COLLATE utf8mb4_unicode_ci NOT NULL,
  `username` varchar(100) COLLATE utf8mb4_unicode_ci NOT NULL,
  `image` varchar(100) COLLATE utf8mb4_unicode_ci NOT NULL,
  `email` varchar(191) COLLATE utf8mb4_unicode_ci NOT NULL,
  `password` varchar(191) COLLATE utf8mb4_unicode_ci NOT NULL,
  `remember_token` varchar(100) COLLATE utf8mb4_unicode_ci DEFAULT NULL,
  `created_at` timestamp NULL DEFAULT NULL,
  `updated_at` timestamp NULL DEFAULT NULL
) ENGINE=InnoDB DEFAULT CHARSET=utf8mb4 COLLATE=utf8mb4_unicode_ci;

--
-- Dumping data for table `admins`
--

INSERT INTO `admins` (`id`, `name`, `username`, `image`, `email`, `password`, `remember_token`, `created_at`, `updated_at`) VALUES
(1, 'admin', 'admin', '1498665028.png', 'admin@admin.com', '$2y$12$JZlgf1ACID2VHyVbxSEQX.h2hH1wmUX7PZiBszi.evG7tkB8FG7Ya', 'hRKGqslw3qMl330vvuvwkcSeAdPdWz7v5ri85hLrhyaIUnmiJW8vrVGzKA4u', NULL, '2019-05-15 21:10:28');

-- --------------------------------------------------------

--
-- Table structure for table `apis`
--

CREATE TABLE `apis` (
  `id` int(10) UNSIGNED NOT NULL,
  `provider` varchar(191) COLLATE utf8mb4_unicode_ci NOT NULL,
  `client_id` longtext COLLATE utf8mb4_unicode_ci NOT NULL,
  `client_secret` longtext COLLATE utf8mb4_unicode_ci NOT NULL,
  `created_at` timestamp NULL DEFAULT NULL,
  `updated_at` timestamp NULL DEFAULT NULL
) ENGINE=InnoDB DEFAULT CHARSET=utf8mb4 COLLATE=utf8mb4_unicode_ci;

--
-- Dumping data for table `apis`
--

INSERT INTO `apis` (`id`, `provider`, `client_id`, `client_secret`, `created_at`, `updated_at`) VALUES
(1, 'facebook', '318336281993417', '109be4ebf192c5e8e4d9c0c0ed493d54', '2018-01-14 22:00:00', '2019-11-01 08:24:10'),
(2, 'google', '954646933627-j2t7olcrfgcbtr4d3r8hsthm5bcetfd0.apps.googleusercontent.com', 'iI2g2oRBFrxyi6I_XalyByaW', '2018-01-14 18:00:15', '2019-11-01 08:24:10');

-- --------------------------------------------------------

--
-- Table structure for table `basic_settings`
--

CREATE TABLE `basic_settings` (
  `id` int(10) UNSIGNED NOT NULL,
  `title` varchar(100) COLLATE utf8mb4_unicode_ci NOT NULL,
  `color` varchar(100) COLLATE utf8mb4_unicode_ci NOT NULL,
  `phone` varchar(100) COLLATE utf8mb4_unicode_ci NOT NULL,
  `email` varchar(100) COLLATE utf8mb4_unicode_ci NOT NULL,
  `address` varchar(100) COLLATE utf8mb4_unicode_ci NOT NULL,
  `google_map` blob NOT NULL,
  `start_date` datetime NOT NULL,
  `currency` varchar(100) COLLATE utf8mb4_unicode_ci NOT NULL,
  `symbol` varchar(100) COLLATE utf8mb4_unicode_ci NOT NULL,
  `deci` varchar(10) COLLATE utf8mb4_unicode_ci NOT NULL,
  `user_reg` int(2) NOT NULL DEFAULT '1',
  `email_verify` tinyint(1) NOT NULL,
  `phone_verify` tinyint(1) NOT NULL,
  `withdraw_status` tinyint(1) NOT NULL,
  `repeat_status` tinyint(1) NOT NULL,
  `email_notify` tinyint(1) NOT NULL,
  `phone_notify` tinyint(1) NOT NULL,
  `google_recap` tinyint(1) NOT NULL,
  `google_site_key` varchar(191) COLLATE utf8mb4_unicode_ci NOT NULL,
  `google_secret_key` varchar(191) COLLATE utf8mb4_unicode_ci NOT NULL,
  `reference` varchar(100) COLLATE utf8mb4_unicode_ci NOT NULL,
  `reference_bonus` varchar(100) COLLATE utf8mb4_unicode_ci NOT NULL,
  `reference_percent` varchar(100) COLLATE utf8mb4_unicode_ci NOT NULL,
  `withdraw_charge` varchar(191) COLLATE utf8mb4_unicode_ci NOT NULL COMMENT 'charge per coin withdraw. in percent',
  `from_email` varchar(100) COLLATE utf8mb4_unicode_ci NOT NULL,
  `email_body` longblob NOT NULL,
  `smsapi` blob NOT NULL,
  `breadcrumb` varchar(100) COLLATE utf8mb4_unicode_ci NOT NULL,
  `about` blob NOT NULL,
  `tou` longblob,
  `pp` longblob,
  `footer_text` text COLLATE utf8mb4_unicode_ci NOT NULL,
  `footer_image` varchar(100) COLLATE utf8mb4_unicode_ci NOT NULL,
  `copy_text` varchar(191) COLLATE utf8mb4_unicode_ci NOT NULL,
  `fb_login` tinyint(4) NOT NULL DEFAULT '1',
  `g_login` tinyint(4) NOT NULL DEFAULT '1',
  `created_at` timestamp NULL DEFAULT NULL,
  `updated_at` timestamp NULL DEFAULT NULL
) ENGINE=InnoDB DEFAULT CHARSET=utf8mb4 COLLATE=utf8mb4_unicode_ci;

--
-- Dumping data for table `basic_settings`
--

INSERT INTO `basic_settings` (`id`, `title`, `color`, `phone`, `email`, `address`, `google_map`, `start_date`, `currency`, `symbol`, `deci`, `user_reg`, `email_verify`, `phone_verify`, `withdraw_status`, `repeat_status`, `email_notify`, `phone_notify`, `google_recap`, `google_site_key`, `google_secret_key`, `reference`, `reference_bonus`, `reference_percent`, `withdraw_charge`, `from_email`, `email_body`, `smsapi`, `breadcrumb`, `about`, `tou`, `pp`, `footer_text`, `footer_image`, `copy_text`, `fb_login`, `g_login`, `created_at`, `updated_at`) VALUES
(1, 'BLUE FOREX LIMITED', '2ecc71', 'a', 'a', 'a', 0x61, '2017-07-30 05:00:22', 'USD', '$', '7', 1, 0, 0, 1, 0, 1, 0, 0, '6LdhZHAUAAAAAJ2N36zwNEtUittkgsOYe6HVC7mf', '6LdhZHAUAAAAAG8Qp_vKy2uJZ0C4GWsBaBDfR9tU', 'admin', '10', '5', '10', 'admin@taurustradefx.eu', 0x3c703e203c2f703e3c64697620636c6173733d227772617070657222207374796c653d226261636b67726f756e642d636f6c6f723a20233536304546323b223e3c7461626c65207374796c653d22626f726465722d636f6c6c617073653a20636f6c6c617073653b207461626c652d6c61796f75743a2066697865643b20636f6c6f723a20236238623862383b20666f6e742d66616d696c793a205562756e74752c73616e732d73657269663b2220616c69676e3d2263656e746572223e0d0a3c74626f64793e0d0a3c74723e0d0a3c746420636c6173733d227072656865616465725f5f736e697070657422207374796c653d2270616464696e673a203130707820302035707820303b20766572746963616c2d616c69676e3a20746f703b2077696474683a2032383070783b223e203c2f74643e0d0a3c746420636c6173733d227072656865616465725f5f77656276657273696f6e22207374796c653d22746578742d616c69676e3a2072696768743b2070616464696e673a203130707820302035707820303b20766572746963616c2d616c69676e3a20746f703b2077696474683a2032383070783b223e203c2f74643e0d0a3c2f74723e0d0a3c2f74626f64793e0d0a3c2f7461626c653e0d0a3c2f6469763e3c64697620636c6173733d227772617070657222207374796c653d226261636b67726f756e642d636f6c6f723a20233536304546323b223e3c2f6469763e3c64697620636c6173733d227772617070657222207374796c653d226261636b67726f756e642d636f6c6f723a20233536304546323b223e3c62723e3c62723e3c62723e3c7461626c6520636c6173733d226c61796f7574206c61796f75742d2d6e6f2d67757474657222207374796c653d22626f726465722d636f6c6c617073653a20636f6c6c617073653b207461626c652d6c61796f75743a2066697865643b206d617267696e2d6c6566743a206175746f3b206d617267696e2d72696768743a206175746f3b206f766572666c6f772d777261703a20627265616b2d776f72643b20776f72642d777261703a20627265616b2d776f72643b20776f72642d627265616b3a20627265616b2d776f72643b206261636b67726f756e642d636f6c6f723a20236666666666663b2220616c69676e3d2263656e746572223e0d0a3c74626f64793e0d0a3c74723e0d0a3c746420636c6173733d22636f6c756d6e22207374796c653d2270616464696e673a203070783b20746578742d616c69676e3a206c6566743b20766572746963616c2d616c69676e3a20746f703b20636f6c6f723a207267622839362c203130322c20313039293b206c696e652d6865696768743a20323170783b20666f6e742d66616d696c793a2073616e732d73657269663b2077696474683a2036303070783b223e0d0a3c62723e0d0a3c646976207374796c653d22746578742d616c69676e3a2063656e7465723b223e3c696d67207372633d2268747470733a2f2f746175727573747261646566782e65752f6173736574732f696d616765732f6c6f676f2f7461757275736c6f676f2e706e67222077696474683d223136372220616c743d22546175727573205472616465204658223e3c62723e3c2f6469763e0d0a3c646976207374796c653d22666f6e742d73697a653a20313470783b206d617267696e2d6c6566743a20323070783b206d617267696e2d72696768743a20323070783b206d617267696e2d746f703a20323470783b223e0d0a3c646976207374796c653d226c696e652d6865696768743a20313070783b20666f6e742d73697a653a203170783b223e203c2f6469763e0d0a3c2f6469763e0d0a3c646976207374796c653d22666f6e742d73697a653a20313470783b206d617267696e2d6c6566743a20323070783b206d617267696e2d72696768743a20323070783b223e0d0a3c6833207374796c653d226d617267696e2d6c6566743a31357078223e7b7b6e616d657d7d3c2f68333e3c62723e0d0a3c70207374796c653d22746578742d616c69676e3a2063656e7465723b223e3c7374726f6e673e202020202020202020202020203c2f7374726f6e673e3c2f703e3c70207374796c653d22746578742d616c69676e3a2063656e7465723b223e3c7374726f6e673e7b7b6d6573736167657d7d3c2f7374726f6e673e3c62723e3c62723e3c2f703e0d0a3c2f6469763e0d0a3c646976207374796c653d22666f6e742d73697a653a20313470783b206d617267696e2d6c6566743a20323070783b206d617267696e2d72696768743a20323070783b223e3c62723e3c2f6469763e0d0a3c646976207374796c653d226d617267696e2d6c6566743a20323070783b206d617267696e2d72696768743a20323070783b206d617267696e2d626f74746f6d3a20323470783b223e0d0a3c7020636c6173733d2273697a652d313422207374796c653d226d617267696e2d6c6566743a313570783b6d617267696e2d746f703a203070783b206d617267696e2d626f74746f6d3a203070783b206c696e652d6865696768743a20323170783b223e3c666f6e742073697a653d2233223e5468616e6b733c2f666f6e743e3c62723e5461757275732054726164652046583c2f703e0d0a3c62723e0d0a3c62723e0d0a3c62723e0d0a3c70207374796c653d22746578742d616c69676e3a2063656e7465723b6d617267696e2d746f703a203070783b206d617267696e2d626f74746f6d3a203070783b206c696e652d6865696768743a20313670783b223e596f752061726520726563656976696e67207468697320656d61696c206265636175736520796f75207369676e757020776974682068747470733a2f2f746175727573747261646566782e65752e3c2f703e3c70207374796c653d22746578742d616c69676e3a2063656e7465723b6d617267696e2d746f703a203070783b206d617267696e2d626f74746f6d3a203070783b206c696e652d6865696768743a20313670783b223e4665656c204672656520746f20636f6e746163742075733a2061646d696e40746175727573747261646566782e65753c62723e3c62723e3c2f703e3c70207374796c653d22746578742d616c69676e3a2063656e7465723b6d617267696e2d746f703a203070783b206d617267696e2d626f74746f6d3a203070783b206c696e652d6865696768743a20313670783b223e20636f707972696768747320c2a92032303139205461757275732054726164652046582e20416c6c205269676874732052657365727665642e3c2f703e203c62723e3c62723e0d0a3c2f6469763e0d0a3c2f74643e0d0a3c2f74723e0d0a3c2f74626f64793e0d0a3c2f7461626c653e3c62723e0d0a3c2f6469763e3c64697620636c6173733d227772617070657222207374796c653d226261636b67726f756e642d636f6c6f723a20233536304546323b223e3c62723e3c2f6469763e3c64697620636c6173733d227772617070657222207374796c653d226261636b67726f756e642d636f6c6f723a20233536304546323b223e3c62723e3c2f6469763e3c64697620636c6173733d227772617070657222207374796c653d226261636b67726f756e642d636f6c6f723a20233536304546323b223e3c62723e3c2f6469763e3c64697620636c6173733d227772617070657222207374796c653d226261636b67726f756e642d636f6c6f723a20233536304546323b223e3c62723e3c2f6469763e3c64697620636c6173733d227772617070657222207374796c653d226261636b67726f756e642d636f6c6f723a20233536304546323b223e3c62723e3c2f6469763e0d0a3c62723e0d0a3c62723e0d0a3c62723e, 0x68747470733a2f2f6170692e696e666f6269702e636f6d2f6170692f76332f73656e64736d732f706c61696e3f757365723d2a2a2a2a2670617373776f72643d2a2a2a2a2a2673656e6465723d452d57616c6c657426534d53546578743d7b7b6d6573736167657d7d2647534d3d7b7b6e756d6265727d7d26747970653d6c6f6e67534d53, 'bg.png', 0x3c646976207374796c653d226d617267696e3a203070782031342e333930367078203070782032382e3739363970783b2070616464696e673a203070783b2077696474683a203433362e37393770783b20666c6f61743a206c6566743b20636f6c6f723a2072676228302c20302c2030293b20666f6e742d66616d696c793a2022206f70656e3d22222073616e73222c3d222220617269616c2c3d22222073616e732d73657269663b223d22223e3c6832207374796c653d226d617267696e2d746f703a203070783b206d617267696e2d72696768743a203070783b206d617267696e2d6c6566743a203070783b2070616464696e673a203070783b206c696e652d6865696768743a20323470783b20666f6e742d66616d696c793a204461757068696e506c61696e3b20666f6e742d73697a653a20323470783b223e57686174206973204c6f72656d20497073756d3f3c2f68323e3c70207374796c653d226d617267696e2d626f74746f6d3a20313570783b2070616464696e673a203070783b20746578742d616c69676e3a206a7573746966793b223e3c7374726f6e67207374796c653d226d617267696e3a203070783b2070616464696e673a203070783b223e4c6f72656d20497073756d3c2f7374726f6e673e266e6273703b69732073696d706c792064756d6d792074657874206f6620746865207072696e74696e6720616e64207479706573657474696e6720696e6475737472792e204c6f72656d20497073756d20686173206265656e2074686520696e6475737472792773207374616e646172642064756d6d79207465787420657665722073696e6365207468652031353030732c207768656e20616e20756e6b6e6f776e207072696e74657220746f6f6b20612067616c6c6579206f66207479706520616e6420736372616d626c656420697420746f206d616b65206120747970652073706563696d656e20626f6f6b2e20497420686173207375727669766564206e6f74206f6e6c7920666976652063656e7475726965732c2062757420616c736f20746865206c65617020696e746f20656c656374726f6e6963207479706573657474696e672c2072656d61696e696e6720657373656e7469616c6c7920756e6368616e6765642e2049742077617320706f70756c61726973656420696e207468652031393630732077697468207468652072656c65617365206f66204c657472617365742073686565747320636f6e7461696e696e67204c6f72656d20497073756d2070617373616765732c20616e64206d6f726520726563656e746c792077697468206465736b746f70207075626c697368696e6720736f667477617265206c696b6520416c64757320506167654d616b657220696e636c7564696e672076657273696f6e73206f66204c6f72656d20497073756d2e3c2f703e3c2f6469763e3c646976207374796c653d226d617267696e3a203070782032382e373936397078203070782031342e3339303670783b2070616464696e673a203070783b2077696474683a203433362e37393770783b20666c6f61743a2072696768743b20636f6c6f723a2072676228302c20302c2030293b20666f6e742d66616d696c793a2022206f70656e3d22222073616e73222c3d222220617269616c2c3d22222073616e732d73657269663b223d22223e3c6832207374796c653d226d617267696e2d746f703a203070783b206d617267696e2d72696768743a203070783b206d617267696e2d6c6566743a203070783b2070616464696e673a203070783b206c696e652d6865696768743a20323470783b20666f6e742d66616d696c793a204461757068696e506c61696e3b20666f6e742d73697a653a20323470783b223e57687920646f207765207573652069743f3c2f68323e3c70207374796c653d226d617267696e2d626f74746f6d3a20313570783b2070616464696e673a203070783b20746578742d616c69676e3a206a7573746966793b223e49742069732061206c6f6e672065737461626c6973686564206661637420746861742061207265616465722077696c6c206265206469737472616374656420627920746865207265616461626c6520636f6e74656e74206f6620612070616765207768656e206c6f6f6b696e6720617420697473206c61796f75742e2054686520706f696e74206f66207573696e67204c6f72656d20497073756d2069732074686174206974206861732061206d6f72652d6f722d6c657373206e6f726d616c20646973747269627574696f6e206f66206c6574746572732c206173206f70706f73656420746f207573696e672027436f6e74656e7420686572652c20636f6e74656e742068657265272c206d616b696e67206974206c6f6f6b206c696b65207265616461626c6520456e676c6973682e204d616e79206465736b746f70207075626c697368696e67207061636b6167657320616e6420776562207061676520656469746f7273206e6f7720757365204c6f72656d20497073756d2061732074686569722064656661756c74206d6f64656c20746578742c20616e6420612073656172636820666f7220276c6f72656d20697073756d272077696c6c20756e636f766572206d616e7920776562207369746573207374696c6c20696e20746865697220696e66616e63792e20566172696f75732076657273696f6e7320686176652065766f6c766564206f766572207468652079656172732c20736f6d6574696d6573206279206163636964656e742c20736f6d6574696d6573206f6e20707572706f73652028696e6a65637465642068756d6f757220616e6420746865206c696b65292e3c2f703e3c2f6469763e3c6272207374796c653d226d617267696e3a203070783b2070616464696e673a203070783b20636c6561723a20626f74683b20636f6c6f723a2072676228302c20302c2030293b20666f6e742d66616d696c793a2022206f70656e3d22222073616e73222c3d222220617269616c2c3d22222073616e732d73657269663b3d222220746578742d616c69676e3a3d22222063656e7465723b223d22223e3c646976207374796c653d226d617267696e3a203070782031342e333930367078203070782032382e3739363970783b2070616464696e673a203070783b2077696474683a203433362e37393770783b20666c6f61743a206c6566743b20636f6c6f723a2072676228302c20302c2030293b20666f6e742d66616d696c793a2022206f70656e3d22222073616e73222c3d222220617269616c2c3d22222073616e732d73657269663b223d22223e3c6832207374796c653d226d617267696e2d746f703a203070783b206d617267696e2d72696768743a203070783b206d617267696e2d6c6566743a203070783b2070616464696e673a203070783b206c696e652d6865696768743a20323470783b20666f6e742d66616d696c793a204461757068696e506c61696e3b20666f6e742d73697a653a20323470783b223e576865726520646f657320697420636f6d652066726f6d3f3c2f68323e3c70207374796c653d226d617267696e2d626f74746f6d3a20313570783b2070616464696e673a203070783b20746578742d616c69676e3a206a7573746966793b223e436f6e747261727920746f20706f70756c61722062656c6965662c204c6f72656d20497073756d206973206e6f742073696d706c792072616e646f6d20746578742e2049742068617320726f6f747320696e2061207069656365206f6620636c6173736963616c204c6174696e206c6974657261747572652066726f6d2034352042432c206d616b696e67206974206f7665722032303030207965617273206f6c642e2052696368617264204d63436c696e746f636b2c2061204c6174696e2070726f666573736f722061742048616d7064656e2d5379646e657920436f6c6c65676520696e2056697267696e69612c206c6f6f6b6564207570206f6e65206f6620746865206d6f7265206f627363757265204c6174696e20776f7264732c20636f6e73656374657475722c2066726f6d2061204c6f72656d20497073756d20706173736167652c20616e6420676f696e67207468726f75676820746865206369746573206f662074686520776f726420696e20636c6173736963616c206c6974657261747572652c20646973636f76657265642074686520756e646f75627461626c6520736f757263652e204c6f72656d20497073756d20636f6d65732066726f6d2073656374696f6e7320312e31302e333220616e6420312e31302e3333206f66202264652046696e6962757320426f6e6f72756d206574204d616c6f72756d2220285468652045787472656d6573206f6620476f6f6420616e64204576696c292062792043696365726f2c207772697474656e20696e2034352042432e205468697320626f6f6b2069732061207472656174697365206f6e20746865207468656f7279206f66206574686963732c207665727920706f70756c617220647572696e67207468652052656e61697373616e63652e20546865206669727374206c696e65206f66204c6f72656d20497073756d2c20224c6f72656d20697073756d20646f6c6f722073697420616d65742e2e222c20636f6d65732066726f6d2061206c696e6520696e2073656374696f6e20312e31302e33322e3c2f703e3c70207374796c653d226d617267696e2d626f74746f6d3a20313570783b2070616464696e673a203070783b20746578742d616c69676e3a206a7573746966793b223e546865207374616e64617264206368756e6b206f66204c6f72656d20497073756d20757365642073696e63652074686520313530307320697320726570726f64756365642062656c6f7720666f722074686f736520696e74657265737465642e2053656374696f6e7320312e31302e333220616e6420312e31302e33332066726f6d202264652046696e6962757320426f6e6f72756d206574204d616c6f72756d222062792043696365726f2061726520616c736f20726570726f647563656420696e207468656972206578616374206f726967696e616c20666f726d2c206163636f6d70616e69656420627920456e676c6973682076657273696f6e732066726f6d207468652031393134207472616e736c6174696f6e20627920482e205261636b68616d2e3c2f703e3c2f6469763e3c646976207374796c653d226d617267696e3a203070782032382e373936397078203070782031342e3339303670783b2070616464696e673a203070783b2077696474683a203433362e37393770783b20666c6f61743a2072696768743b20636f6c6f723a2072676228302c20302c2030293b20666f6e742d66616d696c793a2022206f70656e3d22222073616e73222c3d222220617269616c2c3d22222073616e732d73657269663b223d22223e3c6832207374796c653d226d617267696e2d746f703a203070783b206d617267696e2d72696768743a203070783b206d617267696e2d6c6566743a203070783b2070616464696e673a203070783b206c696e652d6865696768743a20323470783b20666f6e742d66616d696c793a204461757068696e506c61696e3b20666f6e742d73697a653a20323470783b223e57686572652063616e20492067657420736f6d653f3c2f68323e3c70207374796c653d226d617267696e2d626f74746f6d3a20313570783b2070616464696e673a203070783b20746578742d616c69676e3a206a7573746966793b223e546865726520617265206d616e7920766172696174696f6e73206f66207061737361676573206f66204c6f72656d20497073756d20617661696c61626c652c2062757420746865206d616a6f72697479206861766520737566666572656420616c7465726174696f6e20696e20736f6d6520666f726d2c20627920696e6a65637465642068756d6f75722c206f722072616e646f6d6973656420776f72647320776869636820646f6e2774206c6f6f6b206576656e20736c696768746c792062656c69657661626c652e20496620796f752061726520676f696e6720746f2075736520612070617373616765206f66204c6f72656d20497073756d2c20796f75206e65656420746f20626520737572652074686572652069736e277420616e797468696e6720656d62617272617373696e672068696464656e20696e20746865206d6964646c65206f6620746578742e20416c6c20746865204c6f72656d20497073756d2067656e657261746f7273206f6e2074686520496e7465726e65742074656e6420746f2072657065617420707265646566696e6564206368756e6b73206173206e65636573736172792c206d616b696e6720746869732074686520666972737420747275652067656e657261746f72206f6e2074686520496e7465726e65742e204974207573657320612064696374696f6e617279206f66206f76657220323030204c6174696e20776f7264732c20636f6d62696e6564207769746820612068616e6466756c206f66206d6f64656c2073656e74656e636520737472756374757265732c20746f2067656e6572617465204c6f72656d20497073756d207768696368206c6f6f6b7320726561736f6e61626c652e205468652067656e657261746564204c6f72656d20497073756d206973207468657265666f726520616c7761797320667265652066726f6d2072657065746974696f6e2c20696e6a65637465642068756d6f75722c206f72206e6f6e2d636861726163746572697374696320776f726473206574632e3c2f703e3c2f6469763e, 0x4c4f52454d20495053554d20444f4c4f522053495420414d45542c20434f4e5345435445545552204144495049534943494e4720454c49542c2053454420444f20454955534d4f442054454d504f52494e4349444944554e5420324a4c41424f524520455420444f4c4f5245204d41474e4120414c495155412e20555420415554204f444954204155542046554749542c20534544205155494120434f4e53455155554e545552204d41474e4920444f4c4f52455320454f532051554920524154494f4e4520564f4c5550544154454d205345515549204e45534349554e542e204e4551554520504f52524f20515549535155414d204553542c2051554920444f4c4f524154454d2e3c62723e3c6469763e3c62723e3c2f6469763e3c6469763e4c4f52454d20495053554d20444f4c4f522053495420414d45542c20434f4e5345435445545552204144495049534943494e4720454c49542c2053454420444f20454955534d4f442054454d504f52494e4349444944554e5420324a4c41424f524520455420444f4c4f5245204d41474e4120414c495155412e20555420415554204f444954204155542046554749542c20534544205155494120434f4e53455155554e545552204d41474e4920444f4c4f52455320454f532051554920524154494f4e4520564f4c5550544154454d205345515549204e45534349554e542e204e4551554520504f52524f20515549535155414d204553542c2051554920444f4c4f524154454d2e3c62723e3c2f6469763e3c6469763e3c62723e3c2f6469763e3c6469763e4c4f52454d20495053554d20444f4c4f522053495420414d45542c20434f4e5345435445545552204144495049534943494e4720454c49542c2053454420444f20454955534d4f442054454d504f52494e4349444944554e5420324a4c41424f524520455420444f4c4f5245204d41474e4120414c495155412e20555420415554204f444954204155542046554749542c20534544205155494120434f4e53455155554e545552204d41474e4920444f4c4f52455320454f532051554920524154494f4e4520564f4c5550544154454d205345515549204e45534349554e542e204e4551554520504f52524f20515549535155414d204553542c2051554920444f4c4f524154454d2e3c62723e3c2f6469763e3c6469763e3c62723e3c2f6469763e3c6469763e4c4f52454d20495053554d20444f4c4f522053495420414d45542c20434f4e5345435445545552204144495049534943494e4720454c49542c2053454420444f20454955534d4f442054454d504f52494e4349444944554e5420324a4c41424f524520455420444f4c4f5245204d41474e4120414c495155412e20555420415554204f444954204155542046554749542c20534544205155494120434f4e53455155554e545552204d41474e4920444f4c4f52455320454f532051554920524154494f4e4520564f4c5550544154454d205345515549204e45534349554e542e204e4551554520504f52524f20515549535155414d204553542c2051554920444f4c4f524154454d2e3c62723e3c6469763e3c62723e3c2f6469763e3c6469763e4c4f52454d20495053554d20444f4c4f522053495420414d45542c20434f4e5345435445545552204144495049534943494e4720454c49542c2053454420444f20454955534d4f442054454d504f52494e4349444944554e5420324a4c41424f524520455420444f4c4f5245204d41474e4120414c495155412e20555420415554204f444954204155542046554749542c20534544205155494120434f4e53455155554e545552204d41474e4920444f4c4f52455320454f532051554920524154494f4e4520564f4c5550544154454d205345515549204e45534349554e542e204e4551554520504f52524f20515549535155414d204553542c2051554920444f4c4f524154454d2e3c62723e3c2f6469763e3c6469763e3c62723e3c2f6469763e3c6469763e4c4f52454d20495053554d20444f4c4f522053495420414d45542c20434f4e5345435445545552204144495049534943494e4720454c49542c2053454420444f20454955534d4f442054454d504f52494e4349444944554e5420324a4c41424f524520455420444f4c4f5245204d41474e4120414c495155412e20555420415554204f444954204155542046554749542c20534544205155494120434f4e53455155554e545552204d41474e4920444f4c4f52455320454f532051554920524154494f4e4520564f4c5550544154454d205345515549204e45534349554e542e204e4551554520504f52524f20515549535155414d204553542c2051554920444f4c4f524154454d2e3c2f6469763e3c2f6469763e3c6469763e3c62723e3c2f6469763e3c6469763e3c62723e3c2f6469763e, 0x4c4f52454d20495053554d20444f4c4f522053495420414d45542c20434f4e5345435445545552204144495049534943494e4720454c49542c2053454420444f20454955534d4f442054454d504f52494e4349444944554e5420324a4c41424f524520455420444f4c4f5245204d41474e4120414c495155412e20555420415554204f444954204155542046554749542c20534544205155494120434f4e53455155554e545552204d41474e4920444f4c4f52455320454f532051554920524154494f4e4520564f4c5550544154454d205345515549204e45534349554e542e204e4551554520504f52524f20515549535155414d204553542c2051554920444f4c4f524154454d2e3c62723e3c6469763e3c62723e3c2f6469763e3c6469763e4c4f52454d20495053554d20444f4c4f522053495420414d45542c20434f4e5345435445545552204144495049534943494e4720454c49542c2053454420444f20454955534d4f442054454d504f52494e4349444944554e5420324a4c41424f524520455420444f4c4f5245204d41474e4120414c495155412e20555420415554204f444954204155542046554749542c20534544205155494120434f4e53455155554e545552204d41474e4920444f4c4f52455320454f532051554920524154494f4e4520564f4c5550544154454d205345515549204e45534349554e542e204e4551554520504f52524f20515549535155414d204553542c2051554920444f4c4f524154454d2e3c62723e3c2f6469763e3c6469763e3c62723e3c2f6469763e3c6469763e4c4f52454d20495053554d20444f4c4f522053495420414d45542c20434f4e5345435445545552204144495049534943494e4720454c49542c2053454420444f20454955534d4f442054454d504f52494e4349444944554e5420324a4c41424f524520455420444f4c4f5245204d41474e4120414c495155412e20555420415554204f444954204155542046554749542c20534544205155494120434f4e53455155554e545552204d41474e4920444f4c4f52455320454f532051554920524154494f4e4520564f4c5550544154454d205345515549204e45534349554e542e204e4551554520504f52524f20515549535155414d204553542c2051554920444f4c4f524154454d2e3c62723e3c2f6469763e3c6469763e3c62723e3c2f6469763e3c6469763e4c4f52454d20495053554d20444f4c4f522053495420414d45542c20434f4e5345435445545552204144495049534943494e4720454c49542c2053454420444f20454955534d4f442054454d504f52494e4349444944554e5420324a4c41424f524520455420444f4c4f5245204d41474e4120414c495155412e20555420415554204f444954204155542046554749542c20534544205155494120434f4e53455155554e545552204d41474e4920444f4c4f52455320454f532051554920524154494f4e4520564f4c5550544154454d205345515549204e45534349554e542e204e4551554520504f52524f20515549535155414d204553542c2051554920444f4c4f524154454d2e3c62723e3c6469763e3c62723e3c2f6469763e3c6469763e4c4f52454d20495053554d20444f4c4f522053495420414d45542c20434f4e5345435445545552204144495049534943494e4720454c49542c2053454420444f20454955534d4f442054454d504f52494e4349444944554e5420324a4c41424f524520455420444f4c4f5245204d41474e4120414c495155412e20555420415554204f444954204155542046554749542c20534544205155494120434f4e53455155554e545552204d41474e4920444f4c4f52455320454f532051554920524154494f4e4520564f4c5550544154454d205345515549204e45534349554e542e204e4551554520504f52524f20515549535155414d204553542c2051554920444f4c4f524154454d2e3c62723e3c2f6469763e3c6469763e3c62723e3c2f6469763e3c6469763e4c4f52454d20495053554d20444f4c4f522053495420414d45542c20434f4e5345435445545552204144495049534943494e4720454c49542c2053454420444f20454955534d4f442054454d504f52494e4349444944554e5420324a4c41424f524520455420444f4c4f5245204d41474e4120414c495155412e20555420415554204f444954204155542046554749542c20534544205155494120434f4e53455155554e545552204d41474e4920444f4c4f52455320454f532051554920524154494f4e4520564f4c5550544154454d205345515549204e45534349554e542e204e4551554520504f52524f20515549535155414d204553542c2051554920444f4c4f524154454d2e3c2f6469763e3c2f6469763e3c6469763e3c62723e3c2f6469763e, 'Lorem Ipsum is simply dummy text of the printing and typesetting industry. Lorem Ipsum has been the industry\'s standard dummy.', '1503148676.jpg', 'QyBPIEQgRSBMIEkgUyBUIC4gQyBD', 0, 0, NULL, '2019-11-01 08:24:10');

-- --------------------------------------------------------

--
-- Table structure for table `binary_log`
--

CREATE TABLE `binary_log` (
  `id` int(11) NOT NULL,
  `user_id` int(11) NOT NULL,
  `name` varchar(100) NOT NULL,
  `type` varchar(30) NOT NULL,
  `amount` float UNSIGNED NOT NULL,
  `created_at` timestamp NOT NULL DEFAULT CURRENT_TIMESTAMP,
  `updated_at` timestamp NOT NULL DEFAULT '0000-00-00 00:00:00'
) ENGINE=InnoDB DEFAULT CHARSET=utf8;

-- --------------------------------------------------------

--
-- Table structure for table `bonus`
--

CREATE TABLE `bonus` (
  `bonus_id` int(11) NOT NULL,
  `package_id` int(11) NOT NULL,
  `user_id` int(11) NOT NULL,
  `bounus_type` varchar(50) NOT NULL,
  `income` varchar(15) NOT NULL,
  `is_relased` tinyint(1) NOT NULL,
  `relase_date` varchar(50) NOT NULL,
  `created_at` timestamp NOT NULL DEFAULT CURRENT_TIMESTAMP ON UPDATE CURRENT_TIMESTAMP,
  `updated_at` timestamp NOT NULL DEFAULT '0000-00-00 00:00:00'
) ENGINE=InnoDB DEFAULT CHARSET=utf8;

-- --------------------------------------------------------

--
-- Table structure for table `categories`
--

CREATE TABLE `categories` (
  `id` int(10) UNSIGNED NOT NULL,
  `name` varchar(191) COLLATE utf8mb4_unicode_ci NOT NULL,
  `code` varchar(191) COLLATE utf8mb4_unicode_ci NOT NULL,
  `created_at` timestamp NULL DEFAULT NULL,
  `updated_at` timestamp NULL DEFAULT NULL
) ENGINE=InnoDB DEFAULT CHARSET=utf8mb4 COLLATE=utf8mb4_unicode_ci;

--
-- Dumping data for table `categories`
--

INSERT INTO `categories` (`id`, `name`, `code`, `created_at`, `updated_at`) VALUES
(2, 'Daily', 'USD', '2017-12-12 06:44:13', '2018-09-13 15:00:08'),
(3, 'Binary', 'USD', '2018-09-13 15:00:40', '2018-09-13 15:00:40'),
(4, 'Direct', 'USD', '2018-09-13 15:00:40', '2018-09-13 15:00:40'),
(5, 'Residual', 'USD', '2018-09-13 15:00:40', '2018-09-13 15:00:40'),
(6, 'Withdraw Wallet', 'USD', '2018-09-13 15:00:40', '2018-09-13 15:00:40');

-- --------------------------------------------------------

--
-- Table structure for table `deposits`
--

CREATE TABLE `deposits` (
  `id` int(10) UNSIGNED NOT NULL,
  `user_id` int(11) NOT NULL,
  `transaction_id` varchar(255) COLLATE utf8_unicode_ci NOT NULL,
  `amount` varchar(255) COLLATE utf8_unicode_ci NOT NULL,
  `rate` varchar(100) COLLATE utf8_unicode_ci DEFAULT NULL,
  `charge` varchar(100) COLLATE utf8_unicode_ci NOT NULL,
  `net_amount` varchar(100) COLLATE utf8_unicode_ci NOT NULL,
  `payment_type` tinyint(4) NOT NULL,
  `message` blob,
  `status` tinyint(1) DEFAULT '0',
  `created_at` timestamp NULL DEFAULT NULL,
  `updated_at` timestamp NULL DEFAULT NULL
) ENGINE=InnoDB DEFAULT CHARSET=utf8 COLLATE=utf8_unicode_ci;

--
-- Dumping data for table `deposits`
--

INSERT INTO `deposits` (`id`, `user_id`, `transaction_id`, `amount`, `rate`, `charge`, `net_amount`, `payment_type`, `message`, `status`, `created_at`, `updated_at`) VALUES
(1, 1, 'PYB7YCBLQ4KQWVVPXWHV', '500', '1', '0', '500', 3, NULL, 0, '2019-11-06 07:58:03', '2019-11-06 07:58:03'),
(2, 1, 'HSQSQ4C9SPOGU0LA05MA', '50', '1', '0', '50', 3, NULL, 0, '2019-11-06 07:58:14', '2019-11-06 07:58:14'),
(3, 1, 'CIY4A61EGEQGN4BU314Y', '200', '1', '0', '200', 3, NULL, 0, '2019-11-06 07:59:41', '2019-11-06 07:59:41'),
(4, 1, 'AQ6ST232VXKBI2JQURUN', '200', '1', '0', '200', 3, NULL, 0, '2019-11-06 08:00:26', '2019-11-06 08:00:26'),
(5, 1, 'NHX2ECUEMZQBZQRLQFDN', '50', '1', '0', '50', 3, NULL, 0, '2019-11-06 08:02:47', '2019-11-06 08:02:47'),
(6, 1, 'GVIVTKAVPHLSUDMRFEBV', '50', '1', '0', '50', 3, NULL, 0, '2019-11-06 08:06:15', '2019-11-06 08:06:15'),
(7, 1, 'KNSU3URBXAMBZQ3DSMQT', '50', '1', '0', '50', 3, NULL, 0, '2019-11-06 08:07:14', '2019-11-06 08:07:14');

-- --------------------------------------------------------

--
-- Table structure for table `deposit_images`
--

CREATE TABLE `deposit_images` (
  `id` int(10) UNSIGNED NOT NULL,
  `deposit_id` int(11) NOT NULL,
  `image` varchar(191) COLLATE utf8mb4_unicode_ci NOT NULL,
  `created_at` timestamp NULL DEFAULT NULL,
  `updated_at` timestamp NULL DEFAULT NULL
) ENGINE=InnoDB DEFAULT CHARSET=utf8mb4 COLLATE=utf8mb4_unicode_ci;

-- --------------------------------------------------------

--
-- Table structure for table `detail_logs`
--

CREATE TABLE `detail_logs` (
  `id` int(11) NOT NULL,
  `user_id` int(11) NOT NULL,
  `name` varchar(100) NOT NULL,
  `type` varchar(50) NOT NULL,
  `amount` float UNSIGNED NOT NULL,
  `created_at` timestamp NOT NULL DEFAULT CURRENT_TIMESTAMP,
  `updated_at` timestamp NOT NULL DEFAULT '0000-00-00 00:00:00'
) ENGINE=InnoDB DEFAULT CHARSET=utf8;

-- --------------------------------------------------------

--
-- Table structure for table `faqs`
--

CREATE TABLE `faqs` (
  `id` int(10) UNSIGNED NOT NULL,
  `title` varchar(191) COLLATE utf8mb4_unicode_ci NOT NULL,
  `description` blob NOT NULL,
  `created_at` timestamp NULL DEFAULT NULL,
  `updated_at` timestamp NULL DEFAULT NULL
) ENGINE=InnoDB DEFAULT CHARSET=utf8mb4 COLLATE=utf8mb4_unicode_ci;

--
-- Dumping data for table `faqs`
--

INSERT INTO `faqs` (`id`, `title`, `description`, `created_at`, `updated_at`) VALUES
(1, 'Anim pariatur cliche reprehenderit', 0x416e696d20706172696174757220636c6963686520726570726568656e64657269742c20656e696d20656975736d6f642068696768206c696665206163637573616d75732074657272792072696368617264736f6e2061642073717569642e203320776f6c66206d6f6f6e206f66666963696120617574652c206e6f6e2063757069646174617420736b617465626f61726420646f6c6f72206272756e63682e20466f6f6420747275636b207175696e6f61206e65736369756e74206c61626f72756d20656975736d6f642e204272756e6368203320776f6c66206d6f6f6e2074656d706f722c2073756e7420616c697175612070757420612062697264206f6e2069742073717569642073696e676c652d6f726967696e20636f66666565206e756c6c6120617373756d656e64612073686f726564697463682065742e204e6968696c20616e696d206b656666697965682068656c7665746963612c2063726166742062656572206c61626f72652077657320616e646572736f6e2063726564206e65736369756e742073617069656e74652065612070726f6964656e742e20416420766567616e2065786365707465757220627574636865722076696365206c6f6d6f2e204c656767696e6773206f636361656361742063726166742062656572206661726d2d746f2d7461626c652c207261772064656e696d206165737468657469632073796e7468206e65736369756e7420796f752070726f6261626c7920686176656e2774206865617264206f66207468656d206163637573616d7573206c61626f7265207375737461696e61626c65205648532e, '2017-09-22 11:53:37', '2017-09-22 11:53:37'),
(3, 'Lorem Ipsum is simply dummy text of the printing', 0x57686174206973204c6f72656d20497073756d3f0d0a4c6f72656d20497073756d2069732073696d706c792064756d6d792074657874206f6620746865207072696e74696e6720616e64207479706573657474696e6720696e6475737472792e204c6f72656d20497073756d20686173206265656e2074686520696e6475737472792773207374616e646172642064756d6d79207465787420657665722073696e6365207468652031353030732c207768656e20616e20756e6b6e6f776e207072696e74657220746f6f6b20612067616c6c6579206f66207479706520616e6420736372616d626c656420697420746f206d616b65206120747970652073706563696d656e20626f6f6b2e20497420686173207375727669766564206e6f74206f6e6c7920666976652063656e7475726965732c2062757420616c736f20746865206c65617020696e746f20656c656374726f6e6963207479706573657474696e672c2072656d61696e696e6720657373656e7469616c6c7920756e6368616e6765642e2049742077617320706f70756c61726973656420696e207468652031393630732077697468207468652072656c65617365206f66204c657472617365742073686565747320636f6e7461696e696e67204c6f72656d20497073756d2070617373616765732c20616e64206d6f726520726563656e746c792077697468206465736b746f70207075626c697368696e6720736f667477617265206c696b6520416c64757320506167654d616b657220696e636c7564696e672076657273696f6e73206f66204c6f72656d20497073756d2e, '2017-09-23 02:38:51', '2017-09-23 02:38:51'),
(4, 'Anim pariatur cliche reprehenderit', 0x3c6832207374796c653d226d617267696e2d746f703a203070783b206d617267696e2d72696768743a203070783b206d617267696e2d6c6566743a203070783b2070616464696e673a203070783b206c696e652d6865696768743a20323470783b20666f6e742d66616d696c793a204461757068696e506c61696e3b20666f6e742d73697a653a20323470783b20636f6c6f723a2072676228302c20302c2030293b223e57686174206973204c6f72656d20497073756d3f3c2f68323e3c70207374796c653d226d617267696e2d626f74746f6d3a20313570783b2070616464696e673a203070783b20746578742d616c69676e3a206a7573746966793b20636f6c6f723a2072676228302c20302c2030293b20666f6e742d66616d696c793a202671756f743b4f70656e2053616e732671756f743b2c20417269616c2c2073616e732d73657269663b223e3c7374726f6e67207374796c653d226d617267696e3a203070783b2070616464696e673a203070783b223e4c6f72656d20497073756d3c2f7374726f6e673e266e6273703b69732073696d706c792064756d6d792074657874206f6620746865207072696e74696e6720616e64207479706573657474696e6720696e6475737472792e204c6f72656d20497073756d20686173206265656e2074686520696e6475737472792773207374616e646172642064756d6d79207465787420657665722073696e6365207468652031353030732c207768656e20616e20756e6b6e6f776e207072696e74657220746f6f6b20612067616c6c6579206f66207479706520616e6420736372616d626c656420697420746f206d616b65206120747970652073706563696d656e20626f6f6b2e20497420686173207375727669766564206e6f74206f6e6c7920666976652063656e7475726965732c2062757420616c736f20746865206c65617020696e746f20656c656374726f6e6963207479706573657474696e672c2072656d61696e696e6720657373656e7469616c6c7920756e6368616e6765642e2049742077617320706f70756c61726973656420696e207468652031393630732077697468207468652072656c65617365206f66204c657472617365742073686565747320636f6e7461696e696e67204c6f72656d20497073756d2070617373616765732c20616e64206d6f726520726563656e746c792077697468206465736b746f70207075626c697368696e6720736f667477617265206c696b6520416c64757320506167654d616b657220696e636c7564696e672076657273696f6e73206f66204c6f72656d20497073756d2e3c2f703e, '2017-09-23 02:38:57', '2017-09-23 02:38:57'),
(5, 'Anim pariatur cliche reprehenderit', 0x3c6832207374796c653d226d617267696e2d746f703a203070783b206d617267696e2d72696768743a203070783b206d617267696e2d6c6566743a203070783b2070616464696e673a203070783b206c696e652d6865696768743a20323470783b20666f6e742d66616d696c793a204461757068696e506c61696e3b20666f6e742d73697a653a20323470783b20636f6c6f723a2072676228302c20302c2030293b223e57686174206973204c6f72656d20497073756d3f3c2f68323e3c70207374796c653d226d617267696e2d626f74746f6d3a20313570783b2070616464696e673a203070783b20746578742d616c69676e3a206a7573746966793b20636f6c6f723a2072676228302c20302c2030293b20666f6e742d66616d696c793a202671756f743b4f70656e2053616e732671756f743b2c20417269616c2c2073616e732d73657269663b223e3c7374726f6e67207374796c653d226d617267696e3a203070783b2070616464696e673a203070783b223e4c6f72656d20497073756d3c2f7374726f6e673e266e6273703b69732073696d706c792064756d6d792074657874206f6620746865207072696e74696e6720616e64207479706573657474696e6720696e6475737472792e204c6f72656d20497073756d20686173206265656e2074686520696e6475737472792773207374616e646172642064756d6d79207465787420657665722073696e6365207468652031353030732c207768656e20616e20756e6b6e6f776e207072696e74657220746f6f6b20612067616c6c6579206f66207479706520616e6420736372616d626c656420697420746f206d616b65206120747970652073706563696d656e20626f6f6b2e20497420686173207375727669766564206e6f74206f6e6c7920666976652063656e7475726965732c2062757420616c736f20746865206c65617020696e746f20656c656374726f6e6963207479706573657474696e672c2072656d61696e696e6720657373656e7469616c6c7920756e6368616e6765642e2049742077617320706f70756c61726973656420696e207468652031393630732077697468207468652072656c65617365206f66204c657472617365742073686565747320636f6e7461696e696e67204c6f72656d20497073756d2070617373616765732c20616e64206d6f726520726563656e746c792077697468206465736b746f70207075626c697368696e6720736f667477617265206c696b6520416c64757320506167654d616b657220696e636c7564696e672076657273696f6e73206f66204c6f72656d20497073756d2e3c2f703e, '2017-09-23 02:39:03', '2017-09-23 02:39:03');

-- --------------------------------------------------------

--
-- Table structure for table `features`
--

CREATE TABLE `features` (
  `id` int(10) UNSIGNED NOT NULL,
  `photo` varchar(191) COLLATE utf8mb4_unicode_ci NOT NULL DEFAULT 'photo.png',
  `title` varchar(191) COLLATE utf8mb4_unicode_ci NOT NULL DEFAULT 'Client Company',
  `description` text COLLATE utf8mb4_unicode_ci,
  `created_at` timestamp NULL DEFAULT NULL,
  `updated_at` timestamp NULL DEFAULT NULL
) ENGINE=InnoDB DEFAULT CHARSET=utf8mb4 COLLATE=utf8mb4_unicode_ci;

--
-- Dumping data for table `features`
--

INSERT INTO `features` (`id`, `photo`, `title`, `description`, `created_at`, `updated_at`) VALUES
(1, '5a4269280f2a4.png', 'Trading', 'Lorem ipsum dolor sit amet, consectetur adipisicing elit.', '2017-11-29 15:25:39', '2018-07-22 10:18:50'),
(2, '5a426931dcbdc.png', 'EASY MINING', 'Lorem ipsum dolor sit amet, consectetur adipisicing elit.', '2017-11-29 15:51:50', '2017-12-27 03:24:57'),
(7, '5a42693d53255.png', 'PRIVATE', 'Lorem ipsum dolor sit amet, consectetur adipisicing elit.', '2017-12-04 11:50:08', '2017-12-27 03:25:11'),
(8, '5a42694667e53.png', 'SECURE', 'Lorem ipsum dolor sit amet, consectetur adipisicing elit.', '2017-12-04 11:58:02', '2017-12-27 03:25:20');

-- --------------------------------------------------------

--
-- Table structure for table `investments`
--

CREATE TABLE `investments` (
  `id` int(10) UNSIGNED NOT NULL,
  `trx_id` varchar(191) COLLATE utf8mb4_unicode_ci NOT NULL,
  `user_id` int(11) NOT NULL,
  `plan_id` int(11) NOT NULL,
  `amount` varchar(191) COLLATE utf8mb4_unicode_ci NOT NULL,
  `status` tinyint(1) NOT NULL DEFAULT '0',
  `created_at` timestamp NULL DEFAULT NULL,
  `updated_at` timestamp NULL DEFAULT NULL
) ENGINE=InnoDB DEFAULT CHARSET=utf8mb4 COLLATE=utf8mb4_unicode_ci;

-- --------------------------------------------------------

--
-- Table structure for table `investment_plan`
--

CREATE TABLE `investment_plan` (
  `package_id` int(11) NOT NULL,
  `package_amount` varchar(15) NOT NULL,
  `return_percentage` varchar(15) NOT NULL,
  `period` int(11) NOT NULL,
  `created_at` timestamp NOT NULL DEFAULT CURRENT_TIMESTAMP ON UPDATE CURRENT_TIMESTAMP,
  `updated_at` timestamp NOT NULL DEFAULT '0000-00-00 00:00:00'
) ENGINE=InnoDB DEFAULT CHARSET=utf8;

--
-- Dumping data for table `investment_plan`
--

INSERT INTO `investment_plan` (`package_id`, `package_amount`, `return_percentage`, `period`, `created_at`, `updated_at`) VALUES
(1, '50 - 999', '2', 171, '2018-09-22 09:17:40', '0000-00-00 00:00:00'),
(2, '1000 - 9999', '2.5', 151, '2018-09-22 09:18:02', '0000-00-00 00:00:00');

-- --------------------------------------------------------

--
-- Table structure for table `levels`
--

CREATE TABLE `levels` (
  `level_id` int(11) NOT NULL,
  `level_name` varchar(100) NOT NULL,
  `level_points` int(11) NOT NULL
) ENGINE=InnoDB DEFAULT CHARSET=utf8;

--
-- Dumping data for table `levels`
--

INSERT INTO `levels` (`level_id`, `level_name`, `level_points`) VALUES
(1, 'Silver', 10000),
(2, 'Gold', 50000),
(3, 'Platinum', 100000),
(4, 'Ruby', 500000),
(5, 'Emerald', 1000000),
(6, 'Diamond', 2000000),
(7, 'Blue Diamond', 5000000),
(8, 'Ambassador', 10000000);

-- --------------------------------------------------------

--
-- Table structure for table `menus`
--

CREATE TABLE `menus` (
  `id` int(10) UNSIGNED NOT NULL,
  `name` varchar(255) COLLATE utf8_unicode_ci NOT NULL,
  `description` blob NOT NULL,
  `created_at` timestamp NULL DEFAULT NULL,
  `updated_at` timestamp NULL DEFAULT NULL
) ENGINE=InnoDB DEFAULT CHARSET=utf8 COLLATE=utf8_unicode_ci;

--
-- Dumping data for table `menus`
--

INSERT INTO `menus` (`id`, `name`, `description`, `created_at`, `updated_at`) VALUES
(1, 'Menu1', 0x3c6469763e3c68323e57686174206973204c6f72656d20497073756d3f3c2f68323e4c6f72656d20497073756d266e6273703b69732073696d706c792064756d6d792074657874206f6620746865207072696e74696e6720616e64207479706573657474696e6720696e6475737472792e204c6f72656d20497073756d20686173206265656e2074686520696e6475737472792773207374616e646172642064756d6d79207465787420657665722073696e6365207468652031353030732c207768656e20616e20756e6b6e6f776e207072696e74657220746f6f6b20612067616c6c6579206f66207479706520616e6420736372616d626c656420697420746f206d616b65206120747970652073706563696d656e20626f6f6b2e20497420686173207375727669766564206e6f74206f6e6c7920666976652063656e7475726965732c2062757420616c736f20746865206c65617020696e746f20656c656374726f6e6963207479706573657474696e672c2072656d61696e696e6720657373656e7469616c6c7920756e6368616e6765642e2049742077617320706f70756c61726973656420696e207468652031393630732077697468207468652072656c65617365206f66204c657472617365742073686565747320636f6e7461696e696e67204c6f72656d20497073756d2070617373616765732c20616e64206d6f726520726563656e746c792077697468206465736b746f70207075626c697368696e6720736f667477617265206c696b6520416c64757320506167654d616b657220696e636c7564696e672076657273696f6e73206f66204c6f72656d20497073756d2e3c2f6469763e3c6469763e3c68323e57687920646f207765207573652069743f3c2f68323e49742069732061206c6f6e672065737461626c6973686564206661637420746861742061207265616465722077696c6c206265206469737472616374656420627920746865207265616461626c6520636f6e74656e74206f6620612070616765207768656e206c6f6f6b696e6720617420697473206c61796f75742e2054686520706f696e74206f66207573696e67204c6f72656d20497073756d2069732074686174206974206861732061206d6f72652d6f722d6c657373206e6f726d616c20646973747269627574696f6e206f66206c6574746572732c206173206f70706f73656420746f207573696e672027436f6e74656e7420686572652c20636f6e74656e742068657265272c206d616b696e67206974206c6f6f6b206c696b65207265616461626c6520456e676c6973682e204d616e79206465736b746f70207075626c697368696e67207061636b6167657320616e6420776562207061676520656469746f7273206e6f7720757365204c6f72656d20497073756d2061732074686569722064656661756c74206d6f64656c20746578742c20616e6420612073656172636820666f7220276c6f72656d20697073756d272077696c6c20756e636f766572206d616e7920776562207369746573207374696c6c20696e20746865697220696e66616e63792e20566172696f75732076657273696f6e7320686176652065766f6c766564206f766572207468652079656172732c20736f6d6574696d6573206279206163636964656e742c20736f6d6574696d6573206f6e20707572706f73652028696e6a65637465642068756d6f757220616e6420746865206c696b65292e3c2f6469763e3c62723e3c6469763e3c68323e576865726520646f657320697420636f6d652066726f6d3f3c2f68323e436f6e747261727920746f20706f70756c61722062656c6965662c204c6f72656d20497073756d206973206e6f742073696d706c792072616e646f6d20746578742e2049742068617320726f6f747320696e2061207069656365206f6620636c6173736963616c204c6174696e206c6974657261747572652066726f6d2034352042432c206d616b696e67206974206f7665722032303030207965617273206f6c642e2052696368617264204d63436c696e746f636b2c2061204c6174696e2070726f666573736f722061742048616d7064656e2d5379646e657920436f6c6c65676520696e2056697267696e69612c206c6f6f6b6564207570206f6e65206f6620746865206d6f7265206f627363757265204c6174696e20776f7264732c20636f6e73656374657475722c2066726f6d2061204c6f72656d20497073756d20706173736167652c20616e6420676f696e67207468726f75676820746865206369746573206f662074686520776f726420696e20636c6173736963616c206c6974657261747572652c20646973636f76657265642074686520756e646f75627461626c6520736f757263652e204c6f72656d20497073756d20636f6d65732066726f6d2073656374696f6e7320312e31302e333220616e6420312e31302e3333206f66202264652046696e6962757320426f6e6f72756d206574204d616c6f72756d2220285468652045787472656d6573206f6620476f6f6420616e64204576696c292062792043696365726f2c207772697474656e20696e2034352042432e205468697320626f6f6b2069732061207472656174697365206f6e20746865207468656f7279206f66206574686963732c207665727920706f70756c617220647572696e67207468652052656e61697373616e63652e20546865206669727374206c696e65206f66204c6f72656d20497073756d2c20224c6f72656d20697073756d20646f6c6f722073697420616d65742e2e222c20636f6d65732066726f6d2061206c696e6520696e2073656374696f6e20312e31302e33322e546865207374616e64617264206368756e6b206f66204c6f72656d20497073756d20757365642073696e63652074686520313530307320697320726570726f64756365642062656c6f7720666f722074686f736520696e74657265737465642e2053656374696f6e7320312e31302e333220616e6420312e31302e33332066726f6d202264652046696e6962757320426f6e6f72756d206574204d616c6f72756d222062792043696365726f2061726520616c736f20726570726f647563656420696e207468656972206578616374206f726967696e616c20666f726d2c206163636f6d70616e69656420627920456e676c6973682076657273696f6e732066726f6d207468652031393134207472616e736c6174696f6e20627920482e205261636b68616d2e313c2f6469763e, '2017-01-11 02:28:02', '2017-04-23 05:26:01');

-- --------------------------------------------------------

--
-- Table structure for table `migrations`
--

CREATE TABLE `migrations` (
  `id` int(10) UNSIGNED NOT NULL,
  `migration` varchar(191) COLLATE utf8mb4_unicode_ci NOT NULL,
  `batch` int(11) NOT NULL
) ENGINE=InnoDB DEFAULT CHARSET=utf8mb4 COLLATE=utf8mb4_unicode_ci;

--
-- Dumping data for table `migrations`
--

INSERT INTO `migrations` (`id`, `migration`, `batch`) VALUES
(1, '2017_12_12_121328_create_categories_table', 1),
(2, '2017_12_14_184924_create_plan_logs_table', 2),
(3, '2017_12_18_165901_create_partners_table', 3),
(4, '2017_12_19_113236_create_procedures_table', 4),
(5, '2017_12_20_102559_create_user_datas_table', 5),
(6, '2017_12_21_143103_create_trxes_table', 6),
(7, '2017_12_25_141522_create_returns_table', 7),
(8, '2018_01_15_182836_create_apis_table', 8),
(11, '2018_12_19_162604_create_packages_table', 9);

-- --------------------------------------------------------

--
-- Table structure for table `packages`
--

CREATE TABLE `packages` (
  `pid` int(10) UNSIGNED NOT NULL,
  `package_name` varchar(191) COLLATE utf8mb4_unicode_ci NOT NULL,
  `amount` int(10) UNSIGNED NOT NULL,
  `activation_fee` int(10) UNSIGNED NOT NULL,
  `maintenance_fee` int(10) UNSIGNED NOT NULL,
  `points` int(10) UNSIGNED NOT NULL,
  `direct_bonus` int(10) UNSIGNED NOT NULL,
  `period` int(10) UNSIGNED NOT NULL,
  `roi` float UNSIGNED NOT NULL,
  `limit` bigint(20) UNSIGNED NOT NULL,
  `created_at` timestamp NULL DEFAULT NULL,
  `updated_at` timestamp NULL DEFAULT NULL
) ENGINE=InnoDB DEFAULT CHARSET=utf8mb4 COLLATE=utf8mb4_unicode_ci;

--
-- Dumping data for table `packages`
--

INSERT INTO `packages` (`pid`, `package_name`, `amount`, `activation_fee`, `maintenance_fee`, `points`, `direct_bonus`, `period`, `roi`, `limit`, `created_at`, `updated_at`) VALUES
(1, 'Starter', 50, 0, 1, 50, 4, 400, 0.5, 200, NULL, NULL),
(2, 'Basic', 100, 0, 2, 100, 8, 400, 1, 400, NULL, NULL),
(3, 'Bronze', 200, 0, 4, 200, 16, 400, 2, 800, NULL, NULL),
(4, 'Silver', 500, 0, 10, 500, 40, 400, 5, 2000, NULL, NULL),
(5, 'Gold', 1000, 0, 20, 1000, 80, 400, 10, 4000, NULL, NULL),
(6, 'Platinum ', 5000, 0, 40, 2000, 160, 400, 20, 8000, NULL, NULL),
(7, 'Diamond', 10000, 0, 100, 5000, 400, 400, 50, 20000, NULL, NULL),
(8, 'Executive Diamond', 15000, 0, 200, 10000, 800, 400, 100, 40000, NULL, NULL),
(9, 'Supreme', 25000, 0, 500, 25000, 2000, 400, 250, 100000, NULL, NULL);

-- --------------------------------------------------------

--
-- Table structure for table `packages_log`
--

CREATE TABLE `packages_log` (
  `id` int(11) NOT NULL,
  `user_id` int(11) NOT NULL,
  `package_id` int(11) NOT NULL,
  `r_wait` int(11) NOT NULL,
  `r_week` int(11) NOT NULL,
  `status` int(11) NOT NULL,
  `star` int(5) UNSIGNED NOT NULL DEFAULT '0',
  `created_at` timestamp NOT NULL DEFAULT CURRENT_TIMESTAMP,
  `updated_at` timestamp NOT NULL DEFAULT '0000-00-00 00:00:00'
) ENGINE=InnoDB DEFAULT CHARSET=utf8;

--
-- Dumping data for table `packages_log`
--

INSERT INTO `packages_log` (`id`, `user_id`, `package_id`, `r_wait`, `r_week`, `status`, `star`, `created_at`, `updated_at`) VALUES
(1, 1, 1, 0, 400, 1, 1, '2019-11-06 07:57:48', '2019-11-06 07:57:48'),
(2, 1, 4, 0, 400, 1, 1, '2019-11-06 08:01:49', '2019-11-06 08:01:49'),
(3, 1, 1, 0, 400, 1, 0, '2019-11-06 08:06:46', '2019-11-06 08:06:46');

-- --------------------------------------------------------

--
-- Table structure for table `pages`
--

CREATE TABLE `pages` (
  `id` int(10) UNSIGNED NOT NULL,
  `about_subtitle` text COLLATE utf8mb4_unicode_ci,
  `about_leftText` text COLLATE utf8mb4_unicode_ci,
  `about_rightText` blob,
  `service_subtitle` text COLLATE utf8mb4_unicode_ci,
  `plan_subtitle` text COLLATE utf8mb4_unicode_ci,
  `investor_subtitle` text COLLATE utf8mb4_unicode_ci,
  `created_at` timestamp NULL DEFAULT NULL,
  `updated_at` timestamp NULL DEFAULT NULL
) ENGINE=InnoDB DEFAULT CHARSET=utf8mb4 COLLATE=utf8mb4_unicode_ci;

--
-- Dumping data for table `pages`
--

INSERT INTO `pages` (`id`, `about_subtitle`, `about_leftText`, `about_rightText`, `service_subtitle`, `plan_subtitle`, `investor_subtitle`, `created_at`, `updated_at`) VALUES
(1, 'Lorem ipsum dolor sit amet, consectetur adipisicing elit, sed do eiusmod tempor incididunt ut labore et dolore magna aliqua. Ut enim ad minim veniam, quis nostrud exercitation ullamco laboris nisi ut aliquip ex ea commodo consequat.', '<iframe width=\"560\" height=\"315\" src=\"https://www.youtube.com/embed/GmOzih6I1zs\" frameborder=\"0\" allow=\"autoplay; encrypted-media\" allowfullscreen></iframe>', 0x4c6f72656d20697073756d20646f6c6f722073697420616d65742c20636f6e7365637465747572206164697069736963696e6720656c69742c2073656420646f20656975736d6f642074656d706f72696e6369646964756e7420326a6c61626f726520657420646f6c6f7265206d61676e6120616c697175612e20557420617574206f646974206175742066756769742c20736564207175696120636f6e73657175756e747572206d61676e6920646f6c6f72657320656f732071756920726174696f6e6520766f6c7570746174656d207365717569206e65736369756e742e204e6571756520706f72726f20717569737175616d206573742c2071756920646f6c6f726174656d2e204c6f72656d20697073756d20646f6c6f722073697420616d65742c20636f6e7365637465747572206164697069736963696e6720656c69742c2073656420646f20656975736d6f642074656d706f72696e6369646964756e7420326a6c61626f726520657420646f6c6f7265206d61676e6120616c697175612e20557420617574206f646974206175742066756769742c20736564207175696120636f6e73657175756e747572206d61676e6920646f6c6f72657320656f732071756920726174696f6e6520766f6c7570746174656d207365717569206e65736369756e742e204e6571756520706f72726f20717569737175616d206573742c2071756920646f6c6f726174656d2e, 'Lorem ipsum dolor sit amet, consectetur adipisicing elit, sed do eiusmod tempor incididunt ut labore et dolore magna aliqua. Ut enim ad minim veniam, quis nostrud exercitation ullamco laboris nisi ut aliquip ex ea commodo consequat.Lorem ipsum dolor sit amet, consectetur adipisicing elit, sed do eiusmod tempor incididunt ut labore et dolore magna aliqua. Ut enim ad minim veniam, quis nostrud exercitation ullamco laboris nisi ut aliquip ex ea commodo consequat.', 'Lorem ipsum dolor sit amet, consectetur adipisicing elit, sed do eiusmod tempor incididunt ut labore et dolore magna aliqua. Ut enim ad minim veniam, quis nostrud exercitation ullamco laboris nisi ut aliquip ex ea commodo consequat.', 'Lorem ipsum dolor sit amet, consectetur adipisicing elit, sed do eiusmod tempor incididunt ut labore et dolore magna aliqua. Ut enim ad minim veniam, quis nostrud exercitation ullamco laboris nisi ut aliquip ex ea commodo consequat.', NULL, '2018-01-24 20:29:54');

-- --------------------------------------------------------

--
-- Table structure for table `partners`
--

CREATE TABLE `partners` (
  `id` int(10) UNSIGNED NOT NULL,
  `name` varchar(191) COLLATE utf8mb4_unicode_ci NOT NULL,
  `logo` varchar(191) COLLATE utf8mb4_unicode_ci NOT NULL,
  `created_at` timestamp NULL DEFAULT NULL,
  `updated_at` timestamp NULL DEFAULT NULL
) ENGINE=InnoDB DEFAULT CHARSET=utf8mb4 COLLATE=utf8mb4_unicode_ci;

--
-- Dumping data for table `partners`
--

INSERT INTO `partners` (`id`, `name`, `logo`, `created_at`, `updated_at`) VALUES
(3, 'CoinPayments', '1513658942.jpg', '2017-12-19 04:49:02', '2017-12-19 04:49:02'),
(4, 'CoinBase', '1513658958.jpg', '2017-12-19 04:49:18', '2017-12-19 04:49:18');

-- --------------------------------------------------------

--
-- Table structure for table `password_resets`
--

CREATE TABLE `password_resets` (
  `email` varchar(191) COLLATE utf8mb4_unicode_ci NOT NULL,
  `token` varchar(191) COLLATE utf8mb4_unicode_ci NOT NULL,
  `created_at` timestamp NULL DEFAULT NULL
) ENGINE=InnoDB DEFAULT CHARSET=utf8mb4 COLLATE=utf8mb4_unicode_ci;

-- --------------------------------------------------------

--
-- Table structure for table `payments`
--

CREATE TABLE `payments` (
  `id` int(255) NOT NULL,
  `email` varchar(500) NOT NULL DEFAULT '0',
  `new_level` int(11) NOT NULL,
  `from_currency` varchar(500) NOT NULL,
  `entered_amount` varchar(1000) NOT NULL,
  `to_currency` varchar(500) NOT NULL,
  `amount` varchar(50) NOT NULL,
  `gateway_id` varchar(1000) NOT NULL,
  `gateway_url` text NOT NULL,
  `status` varchar(500) NOT NULL,
  `created_at` timestamp NOT NULL DEFAULT CURRENT_TIMESTAMP ON UPDATE CURRENT_TIMESTAMP,
  `updated_at` timestamp NULL DEFAULT NULL
) ENGINE=MyISAM DEFAULT CHARSET=latin1;

-- --------------------------------------------------------

--
-- Table structure for table `payment_logs`
--

CREATE TABLE `payment_logs` (
  `id` int(10) UNSIGNED NOT NULL,
  `member_id` varchar(255) COLLATE utf8_unicode_ci NOT NULL,
  `custom` varchar(255) COLLATE utf8_unicode_ci NOT NULL,
  `payment_type` int(11) NOT NULL,
  `amount` varchar(255) COLLATE utf8_unicode_ci NOT NULL,
  `charge` varchar(100) COLLATE utf8_unicode_ci NOT NULL,
  `net_amount` varchar(100) COLLATE utf8_unicode_ci NOT NULL,
  `usd` varchar(100) COLLATE utf8_unicode_ci DEFAULT NULL,
  `btc_amo` varchar(100) COLLATE utf8_unicode_ci DEFAULT NULL,
  `btc_acc` varchar(255) COLLATE utf8_unicode_ci DEFAULT NULL,
  `status` int(11) NOT NULL DEFAULT '0',
  `created_at` timestamp NULL DEFAULT NULL,
  `updated_at` timestamp NULL DEFAULT NULL
) ENGINE=InnoDB DEFAULT CHARSET=utf8 COLLATE=utf8_unicode_ci;

--
-- Dumping data for table `payment_logs`
--

INSERT INTO `payment_logs` (`id`, `member_id`, `custom`, `payment_type`, `amount`, `charge`, `net_amount`, `usd`, `btc_amo`, `btc_acc`, `status`, `created_at`, `updated_at`) VALUES
(1, '1', 'A72CYXEMLTDSDAPJMVGF', 3, '100', '0', '100', '100', NULL, NULL, 0, '2019-11-01 08:17:48', '2019-11-01 08:17:48'),
(2, '1', 'NKTM4VQSI3DWKUAAIMD5', 3, '50', '0', '50', '50', NULL, NULL, 0, '2019-11-01 08:17:56', '2019-11-01 08:17:56'),
(3, '1', 'WKNFQP86EBXJTKU3HQQX', 3, '50', '0', '50', '50', NULL, NULL, 0, '2019-11-01 08:45:35', '2019-11-01 08:45:35'),
(4, '1', 'TQEX1LWUZONNCFKDSHW6', 3, '50', '0', '50', '50', NULL, NULL, 0, '2019-11-01 08:45:47', '2019-11-01 08:45:47'),
(5, '1', 'SKRJGAFQJLUWWHIGDTEZ', 3, '50', '0', '50', '50', NULL, NULL, 0, '2019-11-01 08:55:48', '2019-11-01 08:55:48'),
(6, '1', '3HYVV4NE7BUP6FOEXTWR', 3, '100', '0', '100', '100', NULL, NULL, 0, '2019-11-03 13:45:19', '2019-11-03 13:45:19'),
(7, '1', 'ASZFOWBGH6GE0K6TP4SP', 3, '50', '0', '50', '50', NULL, NULL, 0, '2019-11-03 13:46:23', '2019-11-03 13:46:23'),
(8, '1', '67OKEEXQKYMY391PLZKC', 3, '50', '0', '50', '50', NULL, NULL, 0, '2019-11-03 13:58:14', '2019-11-03 13:58:14'),
(9, '1', '3OHY7OQ0GQ1MGBFZPNVW', 3, '50', '0', '50', '50', NULL, NULL, 0, '2019-11-03 14:03:30', '2019-11-03 14:03:30'),
(10, '1', 'XE5KD7QWP4H05ZLGC8JQ', 3, '50', '0', '50', '50', NULL, NULL, 0, '2019-11-03 14:04:07', '2019-11-03 14:04:07'),
(11, '1', 'BI75RI43NFNPQEVSQA8S', 3, '50', '0', '50', '50', NULL, NULL, 0, '2019-11-03 14:08:27', '2019-11-03 14:08:27'),
(12, '1', 'MVSCK6XEYNAEFALJEPMF', 3, '50', '0', '50', '50', NULL, NULL, 0, '2019-11-03 20:41:01', '2019-11-03 20:41:01'),
(13, '1', 'RINGZQXTVIRUQFHOCWIE', 3, '50', '0', '50', '50', NULL, NULL, 0, '2019-11-06 07:43:58', '2019-11-06 07:43:58'),
(14, '1', 'NZL4JROGKUKXMQZK77XZ', 3, '50', '0', '50', '50', NULL, NULL, 0, '2019-11-06 07:57:27', '2019-11-06 07:57:27'),
(15, '1', 'RVLVRXUCNSTBHD5PHFA9', 3, '50', '0', '50', '50', NULL, NULL, 0, '2019-11-06 08:00:46', '2019-11-06 08:00:46'),
(16, '1', 'H83GELAS1LUJUIUWK6OR', 3, '50', '0', '50', '50', NULL, NULL, 0, '2019-11-06 08:08:25', '2019-11-06 08:08:25'),
(17, '1', 'RCAZPAEAHEPTEEWIMSVC', 3, '50', '0', '50', '50', NULL, NULL, 0, '2019-11-06 08:10:11', '2019-11-06 08:10:11'),
(18, '1', 'FW0PLYXJZE7FIHRQ9OVZ', 3, '50', '0', '50', '50', NULL, NULL, 0, '2019-11-06 08:13:12', '2019-11-06 08:13:12'),
(19, '1', 'HDJ7HRNKA6SO5FIHMDZQ', 3, '50', '0', '50', '50', NULL, NULL, 0, '2019-11-07 14:36:50', '2019-11-07 14:36:50'),
(20, '1', 'J8FUFFYRIGK7AUCE0YYB', 3, '50', '0', '50', '50', NULL, NULL, 0, '2019-11-07 14:52:33', '2019-11-07 14:52:33'),
(21, '1', 'CYELEHW01T9IRW6V1BWU', 3, '50', '0', '50', '50', NULL, NULL, 0, '2019-11-07 14:58:37', '2019-11-07 14:58:37'),
(22, '1', 'EVGBHZKORCYWHX2NR88S', 3, '50', '0', '50', '50', NULL, NULL, 0, '2019-11-07 15:06:51', '2019-11-07 15:06:51'),
(23, '1', 'ZKSAITIWG8SDTZ9KI0PR', 3, '50', '0', '50', '50', NULL, NULL, 0, '2019-11-07 15:11:24', '2019-11-07 15:11:24'),
(24, '1', 'KSUJRD5TEPZMUAXRQMU5', 3, '50', '0', '50', '50', NULL, NULL, 0, '2019-11-07 15:12:08', '2019-11-07 15:12:08'),
(25, '1', 'CAGXXUB7EHPF45EUJX6V', 3, '50', '0', '50', '50', NULL, NULL, 0, '2019-11-08 13:06:10', '2019-11-08 13:06:10'),
(26, '1', 'TJALHBT1WMX5VSWVKOI9', 3, '50', '0', '50', '50', NULL, NULL, 0, '2019-11-08 13:06:19', '2019-11-08 13:06:19'),
(27, '1', 'NUGBD35JARMIOP8WFWFP', 3, '50', '0', '50', '50', NULL, NULL, 0, '2019-11-08 14:59:43', '2019-11-08 14:59:43'),
(28, '1', 'DMVVQFURUNPMCX4UC5HA', 3, '50', '0', '50', '50', NULL, NULL, 0, '2019-11-08 15:38:48', '2019-11-08 15:38:48'),
(29, '1', '9LPV2EAF9QEDAVMPVZNW', 3, '50', '0', '50', '50', NULL, NULL, 0, '2019-11-08 15:42:44', '2019-11-08 15:42:44');

-- --------------------------------------------------------

--
-- Table structure for table `payment_methods`
--

CREATE TABLE `payment_methods` (
  `id` int(10) UNSIGNED NOT NULL,
  `name` varchar(255) COLLATE utf8_unicode_ci NOT NULL,
  `image` varchar(255) COLLATE utf8_unicode_ci NOT NULL,
  `rate` varchar(30) COLLATE utf8_unicode_ci DEFAULT NULL,
  `fix` varchar(100) COLLATE utf8_unicode_ci NOT NULL,
  `percent` varchar(100) COLLATE utf8_unicode_ci NOT NULL,
  `val1` text COLLATE utf8_unicode_ci NOT NULL,
  `val2` varchar(255) COLLATE utf8_unicode_ci DEFAULT NULL,
  `currency` varchar(255) COLLATE utf8_unicode_ci NOT NULL DEFAULT 'Method Currency',
  `status` tinyint(4) NOT NULL,
  `created_at` timestamp NULL DEFAULT NULL,
  `updated_at` timestamp NULL DEFAULT NULL
) ENGINE=InnoDB DEFAULT CHARSET=utf8 COLLATE=utf8_unicode_ci;

--
-- Dumping data for table `payment_methods`
--

INSERT INTO `payment_methods` (`id`, `name`, `image`, `rate`, `fix`, `percent`, `val1`, `val2`, `currency`, `status`, `created_at`, `updated_at`) VALUES
(1, 'PayPal', '59f809c931cb0.png', '1', '2', '1.5', 'admin@rexbd.com', NULL, 'Method Currency', 0, NULL, '2017-12-27 01:45:00'),
(2, 'Perfect Money', '1508826560h4.png', '1', '0', '0', 'U17804083', '06dSRe33NxMl4RdvKXDQNCcXW', 'Method Currency', 0, NULL, '2018-09-28 17:19:14'),
(3, 'Bitcoin Blockchain', '5b9ae32604d55.png', '1', '0', '0', 'f4b40beb-2d69-4ca4-b2ec-9df83fdd9972', 'xpub6CevWZEzv8pDcGgeWPSkw2FyStpJdNeZaopmrvDPW1SLEDaMoMr6UB8pKT3wPxAHryAUBBz3m7c3iK1iRLVFRbAky8Q4Ni9ed7MeFbmBteE', 'Method Currency', 1, NULL, '2018-09-22 07:35:55'),
(4, 'Credit CARD', '1508740770h6.png', '1', '3', '2.20', 'sk_test_aat3tzBCCXXBkS4sxY3M8A1B', 'pk_test_AU3G7doZ1sbdpJLj0NaozPBu', 'Method Currency', 0, NULL, '2017-12-27 01:54:09'),
(5, 'Bitcoin CoinPayment', '150882822860h8.png', '1', '0', '0', 'db1d9f12444e65c921604e289a281c56', NULL, 'Method Currency', 0, NULL, '2018-09-22 07:32:08'),
(6, 'Skrill', 'skrill.png', '1', '2', '1.75', 'support@globeskill.com', 'jabali2006', 'Method Currency', 0, '2017-12-12 18:00:00', '2017-12-20 14:46:01');

-- --------------------------------------------------------

--
-- Table structure for table `plans`
--

CREATE TABLE `plans` (
  `id` int(10) UNSIGNED NOT NULL,
  `title` varchar(191) COLLATE utf8mb4_unicode_ci NOT NULL,
  `description` text COLLATE utf8mb4_unicode_ci NOT NULL,
  `features` longtext COLLATE utf8mb4_unicode_ci NOT NULL,
  `price` varchar(191) COLLATE utf8mb4_unicode_ci NOT NULL,
  `period` varchar(191) COLLATE utf8mb4_unicode_ci DEFAULT NULL,
  `ptyp` varchar(191) COLLATE utf8mb4_unicode_ci DEFAULT NULL,
  `speed` varchar(191) COLLATE utf8mb4_unicode_ci NOT NULL,
  `return` varchar(191) COLLATE utf8mb4_unicode_ci NOT NULL,
  `category_id` int(11) NOT NULL,
  `status` int(11) NOT NULL DEFAULT '1',
  `created_at` timestamp NULL DEFAULT NULL,
  `updated_at` timestamp NULL DEFAULT NULL
) ENGINE=InnoDB DEFAULT CHARSET=utf8mb4 COLLATE=utf8mb4_unicode_ci;

--
-- Dumping data for table `plans`
--

INSERT INTO `plans` (`id`, `title`, `description`, `features`, `price`, `period`, `ptyp`, `speed`, `return`, `category_id`, `status`, `created_at`, `updated_at`) VALUES
(1, 'Starter', 'Supreme', 'a:2:{i:0;s:12:\"2% Daily ROI\";i:1;s:16:\"4x Earning Limit\";}', '50', '55', 'day', '3 GB', '4000', 8, 1, '2017-12-14 08:10:36', '2019-11-06 07:56:43'),
(2, 'Basic', 'Basic', 'a:2:{i:0;s:12:\"1% Daily ROI\";i:1;s:16:\"4x Earning Limit\";}', '100', '48', 'day', 'per 1 MH/s', '2000', 2, 1, '2017-12-06 00:40:53', '2019-05-16 09:21:49'),
(3, 'Bronze', 'Bronze', 'a:2:{i:0;s:12:\"1% Daily ROI\";i:1;s:16:\"4x Earning Limit\";}', '200', '55', 'day', '3 GB', '4000', 3, 1, '2017-12-14 08:10:36', '2019-05-16 09:22:24'),
(4, 'Silver', 'Silver', 'a:2:{i:0;s:12:\"1% Daily ROI\";i:1;s:16:\"4x Earning Limit\";}', '500', '55', 'day', '3 GB', '4000', 4, 1, '2017-12-14 08:10:36', '2019-05-16 09:22:30'),
(5, 'Gold', 'Gold', 'a:2:{i:0;s:12:\"1% Daily ROI\";i:1;s:16:\"4x Earning Limit\";}', '1000', '55', 'day', '3 GB', '4000', 5, 1, '2017-12-14 08:10:36', '2019-05-16 09:22:46'),
(6, 'Platinum', 'Platinum', 'a:2:{i:0;s:12:\"1% Daily ROI\";i:1;s:16:\"4x Earning Limit\";}', '5000', '55', 'day', '3 GB', '4000', 6, 1, '2017-12-14 08:10:36', '2019-05-16 09:25:26'),
(7, 'Diamond', 'Diamond', 'a:2:{i:0;s:12:\"1% Daily ROI\";i:1;s:16:\"4x Earning Limit\";}', '10000', '55', 'day', '3 GB', '4000', 7, 1, '2017-12-14 08:10:36', '2019-05-16 09:25:30'),
(8, 'Executive Diamond', 'Executive Diamond', 'a:2:{i:0;s:12:\"1% Daily ROI\";i:1;s:16:\"4x Earning Limit\";}', '15000', '55', 'day', '3 GB', '4000', 8, 1, '2017-12-14 08:10:36', '2019-05-16 09:25:34'),
(9, 'Supreme', 'Supreme', 'a:2:{i:0;s:12:\"1% Daily ROI\";i:1;s:16:\"4x Earning Limit\";}', '25000', '55', 'day', '3 GB', '4000', 8, 1, '2017-12-14 08:10:36', '2019-05-16 09:23:39');

-- --------------------------------------------------------

--
-- Table structure for table `plan_logs`
--

CREATE TABLE `plan_logs` (
  `id` int(10) UNSIGNED NOT NULL,
  `user_id` int(11) NOT NULL,
  `plan_id` int(11) NOT NULL,
  `status` int(11) NOT NULL DEFAULT '0',
  `created_at` timestamp NULL DEFAULT NULL,
  `updated_at` timestamp NULL DEFAULT NULL
) ENGINE=InnoDB DEFAULT CHARSET=utf8mb4 COLLATE=utf8mb4_unicode_ci;

-- --------------------------------------------------------

--
-- Table structure for table `procedures`
--

CREATE TABLE `procedures` (
  `id` int(10) UNSIGNED NOT NULL,
  `name` varchar(191) COLLATE utf8mb4_unicode_ci NOT NULL,
  `image` varchar(191) COLLATE utf8mb4_unicode_ci NOT NULL,
  `description` longtext COLLATE utf8mb4_unicode_ci NOT NULL,
  `created_at` timestamp NULL DEFAULT NULL,
  `updated_at` timestamp NULL DEFAULT NULL
) ENGINE=InnoDB DEFAULT CHARSET=utf8mb4 COLLATE=utf8mb4_unicode_ci;

--
-- Dumping data for table `procedures`
--

INSERT INTO `procedures` (`id`, `name`, `image`, `description`, `created_at`, `updated_at`) VALUES
(2, 'Hardware', '1513667378.jpg', 'Miner is a highly efficient piece of mining equipment specially designed for cryptocurrency mining. Our datacenters house hundreds of miners.', '2017-12-19 07:09:38', '2017-12-19 07:09:38'),
(3, 'Pools', '1513667446.jpg', 'Miners are connected to pools. There are many pools so HashFlare allows you to connect to ones you choose. This allows you to find the most profitable combinantion.', '2017-12-19 07:10:46', '2017-12-19 07:10:46'),
(4, 'Payout', '1513667480.jpg', 'Next, all mined cryptocurrency is distributed among all customers of HashFlare depending on their share of hashrate in the whole system.', '2017-12-19 07:11:20', '2017-12-19 07:11:20');

-- --------------------------------------------------------

--
-- Table structure for table `referrals`
--

CREATE TABLE `referrals` (
  `referral_id` int(11) NOT NULL,
  `user_id` int(11) NOT NULL,
  `referral_left` int(11) UNSIGNED NOT NULL,
  `referral_right` int(11) UNSIGNED NOT NULL,
  `point_left` int(11) UNSIGNED NOT NULL,
  `point_right` int(11) UNSIGNED NOT NULL,
  `binary_active` tinyint(1) NOT NULL,
  `released_at` varchar(50) DEFAULT NULL,
  `created_at` timestamp NOT NULL DEFAULT CURRENT_TIMESTAMP ON UPDATE CURRENT_TIMESTAMP,
  `updated_at` timestamp NOT NULL DEFAULT '0000-00-00 00:00:00'
) ENGINE=InnoDB DEFAULT CHARSET=utf8;

--
-- Dumping data for table `referrals`
--

INSERT INTO `referrals` (`referral_id`, `user_id`, `referral_left`, `referral_right`, `point_left`, `point_right`, `binary_active`, `released_at`, `created_at`, `updated_at`) VALUES
(1, 2, 0, 0, 0, 0, 0, NULL, '2019-10-07 16:58:49', '2019-10-07 16:58:49'),
(2, 1, 0, 0, 0, 0, 0, NULL, '2019-11-01 07:44:46', '2019-11-01 07:44:46');

-- --------------------------------------------------------

--
-- Table structure for table `referral_details`
--

CREATE TABLE `referral_details` (
  `rdid` int(11) NOT NULL,
  `referral_id` int(11) NOT NULL,
  `refree_id` int(11) NOT NULL,
  `refree_points` int(11) NOT NULL,
  `position` varchar(10) NOT NULL,
  `is_counted` tinyint(1) NOT NULL,
  `reinvest` int(11) NOT NULL,
  `created_at` timestamp NOT NULL DEFAULT CURRENT_TIMESTAMP ON UPDATE CURRENT_TIMESTAMP,
  `updated_at` timestamp NOT NULL DEFAULT '0000-00-00 00:00:00'
) ENGINE=InnoDB DEFAULT CHARSET=utf8;

-- --------------------------------------------------------

--
-- Table structure for table `repeats`
--

CREATE TABLE `repeats` (
  `id` int(10) UNSIGNED NOT NULL,
  `user_id` int(11) NOT NULL,
  `investment_id` varchar(191) COLLATE utf8mb4_unicode_ci NOT NULL,
  `repeat_time` datetime NOT NULL,
  `made_time` datetime DEFAULT NULL,
  `total_repeat` int(11) NOT NULL,
  `status` tinyint(1) NOT NULL DEFAULT '0',
  `created_at` timestamp NULL DEFAULT NULL,
  `updated_at` timestamp NULL DEFAULT NULL
) ENGINE=InnoDB DEFAULT CHARSET=utf8mb4 COLLATE=utf8mb4_unicode_ci;

-- --------------------------------------------------------

--
-- Table structure for table `repeat_logs`
--

CREATE TABLE `repeat_logs` (
  `id` int(10) UNSIGNED NOT NULL,
  `user_id` int(11) NOT NULL,
  `trx_id` varchar(191) COLLATE utf8mb4_unicode_ci NOT NULL,
  `investment_id` int(11) NOT NULL,
  `amount` varchar(191) COLLATE utf8mb4_unicode_ci NOT NULL,
  `made_time` datetime NOT NULL,
  `created_at` timestamp NULL DEFAULT NULL,
  `updated_at` timestamp NULL DEFAULT NULL
) ENGINE=InnoDB DEFAULT CHARSET=utf8mb4 COLLATE=utf8mb4_unicode_ci;

-- --------------------------------------------------------

--
-- Table structure for table `returns`
--

CREATE TABLE `returns` (
  `id` int(10) UNSIGNED NOT NULL,
  `user_id` int(11) NOT NULL,
  `plan_log` int(11) NOT NULL,
  `last` timestamp NULL DEFAULT NULL ON UPDATE CURRENT_TIMESTAMP,
  `created_at` timestamp NULL DEFAULT NULL,
  `updated_at` timestamp NULL DEFAULT NULL
) ENGINE=InnoDB DEFAULT CHARSET=utf8mb4 COLLATE=utf8mb4_unicode_ci;

-- --------------------------------------------------------

--
-- Table structure for table `services`
--

CREATE TABLE `services` (
  `id` int(10) UNSIGNED NOT NULL,
  `title` varchar(191) COLLATE utf8mb4_unicode_ci NOT NULL,
  `code` varchar(191) COLLATE utf8mb4_unicode_ci NOT NULL,
  `created_at` timestamp NULL DEFAULT NULL,
  `updated_at` timestamp NULL DEFAULT NULL
) ENGINE=InnoDB DEFAULT CHARSET=utf8mb4 COLLATE=utf8mb4_unicode_ci;

--
-- Dumping data for table `services`
--

INSERT INTO `services` (`id`, `title`, `code`, `created_at`, `updated_at`) VALUES
(1, 'upper Fast Repeat', '<i class=\"fa fa-rocket\" aria-hidden=\"true\"></i>', '2017-09-27 17:35:45', '2017-12-04 12:18:29'),
(2, 'EASY SETUP', '<i class=\"fa fa-wrench\" aria-hidden=\"true\"></i>', '2017-09-27 17:35:59', '2017-11-05 00:44:10'),
(3, 'INVESTMENT', '<i class=\"fa fa-money\" aria-hidden=\"true\"></i>', '2017-09-27 17:36:08', '2017-11-05 00:44:27'),
(4, 'WITHDRAW', '<i class=\"fa fa-money\" aria-hidden=\"true\"></i>', '2017-09-27 17:36:15', '2017-11-05 00:44:55'),
(5, 'FULLY DYNAMIC', '<i class=\"fa fa-th\" aria-hidden=\"true\"></i>', '2017-09-27 17:36:23', '2017-11-05 00:45:49'),
(6, 'ADMIN DASHBOARD', '<i class=\"fa fa-th\" aria-hidden=\"true\"></i>', '2017-09-27 17:36:30', '2017-11-05 00:46:52'),
(7, 'PLANS', '<i class=\"fa fa-th\" aria-hidden=\"true\"></i>', '2017-09-27 17:36:39', '2017-11-05 00:47:06'),
(8, 'EASY SETUP', '<i class=\"fa fa-wrench\" aria-hidden=\"true\"></i>', '2017-11-05 00:47:51', '2017-11-05 00:47:51');

-- --------------------------------------------------------

--
-- Table structure for table `sliders`
--

CREATE TABLE `sliders` (
  `id` int(10) UNSIGNED NOT NULL,
  `image` varchar(191) COLLATE utf8mb4_unicode_ci NOT NULL,
  `title` blob NOT NULL,
  `subtitle` blob NOT NULL,
  `created_at` timestamp NULL DEFAULT NULL,
  `updated_at` timestamp NULL DEFAULT NULL
) ENGINE=InnoDB DEFAULT CHARSET=utf8mb4 COLLATE=utf8mb4_unicode_ci;

--
-- Dumping data for table `sliders`
--

INSERT INTO `sliders` (`id`, `image`, `title`, `subtitle`, `created_at`, `updated_at`) VALUES
(5, '5a4c03611bf5c.jpg', 0x3c683120636c6173733d2266726f6e74686561642220616c69676e3d2263656e746572223e3c62723e3c2f68313e3c683120636c6173733d2266726f6e74686561642220616c69676e3d2263656e746572223e3c62723e3c2f68313e3c683120636c6173733d2266726f6e74686561642220616c69676e3d2263656e746572223e3c666f6e7420636f6c6f723d2223363646463333223e3c666f6e7420636f6c6f723d2223464646464646223e3c623e4d494e494e4720495320454153494552205448414e20455645523c2f623e3c2f666f6e743e3c2f666f6e743e3c2f68313e, 0x3c64697620616c69676e3d2263656e746572223e3c68343e20202020202020202020202020202020202020202020202020202020202020202020202020203c666f6e7420636f6c6f723d2223464646464646223e4a757374205369676e757020616e64206f72646572206f7572206d696e65722c20616e6420676574206d696e696e6720616d6f756e74206461696c79206f6e20796f7572204163636f756e743c2f666f6e743e3c2f68343e3c2f6469763e, '2017-10-17 00:04:53', '2018-01-03 10:10:41');

-- --------------------------------------------------------

--
-- Table structure for table `socials`
--

CREATE TABLE `socials` (
  `id` int(10) UNSIGNED NOT NULL,
  `name` varchar(191) COLLATE utf8mb4_unicode_ci NOT NULL,
  `code` varchar(191) COLLATE utf8mb4_unicode_ci NOT NULL,
  `link` varchar(191) COLLATE utf8mb4_unicode_ci NOT NULL,
  `created_at` timestamp NULL DEFAULT NULL,
  `updated_at` timestamp NULL DEFAULT NULL
) ENGINE=InnoDB DEFAULT CHARSET=utf8mb4 COLLATE=utf8mb4_unicode_ci;

--
-- Dumping data for table `socials`
--

INSERT INTO `socials` (`id`, `name`, `code`, `link`, `created_at`, `updated_at`) VALUES
(3, 'Facebook', '<i class=\"fa fa-facebook\" aria-hidden=\"true\"></i>', 'https://www.facebook.com', '2017-08-19 06:25:30', '2018-01-24 20:26:12'),
(5, 'twitter', '<i class=\"fa fa-twitter\" aria-hidden=\"true\"></i>', 'https://twitter.com', '2017-08-19 06:29:52', '2018-01-24 20:26:20'),
(6, 'linkedin', '<i class=\"fa fa-linkedin\" aria-hidden=\"true\"></i>', 'http://linkedin.com', '2017-08-19 06:30:23', '2018-01-24 20:26:33'),
(7, 'google plus', '<i class=\"fa fa-google-plus\" aria-hidden=\"true\"></i>', 'http://google.com', '2017-08-19 06:32:35', '2018-01-24 20:26:46'),
(8, 'instragram', '<i class=\"fa fa-instagram\" aria-hidden=\"true\"></i>', '#', '2017-08-19 07:28:44', '2017-08-19 07:28:44');

-- --------------------------------------------------------

--
-- Table structure for table `supports`
--

CREATE TABLE `supports` (
  `id` int(10) UNSIGNED NOT NULL,
  `user_id` int(11) NOT NULL,
  `subject` varchar(191) COLLATE utf8mb4_unicode_ci NOT NULL,
  `ticket_number` varchar(191) COLLATE utf8mb4_unicode_ci NOT NULL,
  `status` tinyint(4) NOT NULL,
  `created_at` timestamp NULL DEFAULT NULL,
  `updated_at` timestamp NULL DEFAULT NULL
) ENGINE=InnoDB DEFAULT CHARSET=utf8mb4 COLLATE=utf8mb4_unicode_ci;

--
-- Dumping data for table `supports`
--

INSERT INTO `supports` (`id`, `user_id`, `subject`, `ticket_number`, `status`, `created_at`, `updated_at`) VALUES
(1, 1, 'Upgrade hosting plan', 'PKO0MWWCOS9P', 9, '2019-11-01 07:47:43', '2019-11-01 08:22:59');

-- --------------------------------------------------------

--
-- Table structure for table `support_messages`
--

CREATE TABLE `support_messages` (
  `id` int(10) UNSIGNED NOT NULL,
  `support_id` int(11) NOT NULL,
  `ticket_number` varchar(191) COLLATE utf8mb4_unicode_ci NOT NULL,
  `message` text COLLATE utf8mb4_unicode_ci NOT NULL,
  `type` int(1) NOT NULL,
  `created_at` timestamp NULL DEFAULT NULL,
  `updated_at` timestamp NULL DEFAULT NULL
) ENGINE=InnoDB DEFAULT CHARSET=utf8mb4 COLLATE=utf8mb4_unicode_ci;

--
-- Dumping data for table `support_messages`
--

INSERT INTO `support_messages` (`id`, `support_id`, `ticket_number`, `message`, `type`, `created_at`, `updated_at`) VALUES
(1, 1, 'PKO0MWWCOS9P', 'hey', 1, '2019-11-01 07:47:43', '2019-11-01 07:47:43'),
(2, 1, 'PKO0MWWCOS9P', 'ok', 2, '2019-11-01 08:22:34', '2019-11-01 08:22:34'),
(3, 1, 'PKO0MWWCOS9P', 'Tell me what you want', 2, '2019-11-01 08:22:52', '2019-11-01 08:22:52');

-- --------------------------------------------------------

--
-- Table structure for table `testimonials`
--

CREATE TABLE `testimonials` (
  `id` int(10) UNSIGNED NOT NULL,
  `name` varchar(191) COLLATE utf8mb4_unicode_ci NOT NULL,
  `image` varchar(191) COLLATE utf8mb4_unicode_ci NOT NULL,
  `position` varchar(100) COLLATE utf8mb4_unicode_ci NOT NULL,
  `message` blob NOT NULL,
  `created_at` timestamp NULL DEFAULT NULL,
  `updated_at` timestamp NULL DEFAULT NULL
) ENGINE=InnoDB DEFAULT CHARSET=utf8mb4 COLLATE=utf8mb4_unicode_ci;

--
-- Dumping data for table `testimonials`
--

INSERT INTO `testimonials` (`id`, `name`, `image`, `position`, `message`, `created_at`, `updated_at`) VALUES
(5, 'Ketthy Ben', '1513513770.jpg', 'Executive', 0x3c64697620616c69676e3d226a757374696679223e3c623e4c6f72656d20497073756d3c2f623e2069732073696d706c792064756d6d792074657874206f6620746865207072696e74696e6720616e64207479706573657474696e6720696e6475737472792e204c6f72656d20497073756d20686173206265656e2074686520696e6475737472792773207374616e646172642064756d6d79207465787420657665722073696e6365207468652031353030732c207768656e20616e20756e6b6e6f776e207072696e74657220746f6f6b20612067616c6c6579206f66207479706520616e6420736372616d626c656420697420746f206d616b65206120747970652073706563696d656e20626f6f6b2e20497420686173207375727669766564206e6f74206f6e6c7920666976652063656e7475726965732c2062757420616c736f20746865206c65617020696e746f20656c656374726f6e6963207479706573657474696e672c2072656d61696e696e6720657373656e7469616c6c7920756e6368616e6765642e2049742077617320706f70756c61726973656420696e207468652031393630732077697468207468652072656c65617365206f66204c657472617365742073686565747320636f6e7461696e696e67204c6f72656d20497073756d2070617373616765732c20616e64206d6f726520726563656e746c792077697468206465736b746f70207075626c697368696e6720736f667477617265206c696b6520416c64757320506167654d616b657220696e636c7564696e672076657273696f6e73206f66204c6f72656d20497073756d3c62723e3c2f6469763e, '2017-12-17 12:29:30', '2017-12-17 12:29:30'),
(6, 'Pial Chowdhury', '1513513877.jpg', 'Senior Executive', 0x3c64697620616c69676e3d226a757374696679223e3c623e4c6f72656d20497073756d3c2f623e2069732073696d706c792064756d6d792074657874206f6620746865207072696e74696e6720616e64207479706573657474696e6720696e6475737472792e204c6f72656d20497073756d20686173206265656e2074686520696e6475737472792773207374616e646172642064756d6d79207465787420657665722073696e6365207468652031353030732c207768656e20616e20756e6b6e6f776e207072696e74657220746f6f6b20612067616c6c6579206f66207479706520616e6420736372616d626c656420697420746f206d616b65206120747970652073706563696d656e20626f6f6b2e20497420686173207375727669766564206e6f74206f6e6c7920666976652063656e7475726965732c2062757420616c736f20746865206c65617020696e746f20656c656374726f6e6963207479706573657474696e672c2072656d61696e696e6720657373656e7469616c6c7920756e6368616e6765642e2049742077617320706f70756c61726973656420696e207468652031393630732077697468207468652072656c65617365206f66204c657472617365742073686565747320636f6e7461696e696e67204c6f72656d20497073756d2070617373616765732c20616e64206d6f726520726563656e746c792077697468206465736b746f70207075626c697368696e6720736f667477617265206c696b6520416c64757320506167654d616b657220696e636c7564696e672076657273696f6e73206f66204c6f72656d20497073756d3c62723e3c2f6469763e, '2017-12-17 12:31:17', '2017-12-17 12:31:17'),
(7, 'Usman Khaja', '1513513946.jpg', 'Sr. Accountant', 0x3c64697620616c69676e3d2263656e746572223e4c6f72656d20497073756d2069732073696d706c792064756d6d792074657874206f6620746865207072696e74696e6720616e64207479706573657474696e6720696e6475737472792e204c6f72656d20497073756d20686173206265656e2074686520696e6475737472792773207374616e646172642064756d6d79207465787420657665722073696e6365207468652031353030732c207768656e20616e20756e6b6e6f776e207072696e74657220746f6f6b2e3c62723e3c2f6469763e, '2017-12-17 12:32:26', '2017-12-17 12:32:26'),
(8, 'Pranto Biswas', '1513514001.jpg', 'Executive', 0x3c64697620616c69676e3d2263656e746572223e266e6273703b4c6f72656d20497073756d2069732073696d706c792064756d6d792074657874206f6620746865207072696e74696e6720616e64207479706573657474696e6720696e6475737472792e204c6f72656d20497073756d20686173206265656e2074686520696e6475737472792773207374616e646172642064756d6d79207465787420657665722073696e6365207468652031353030732c207768656e20616e20756e6b6e6f776e207072696e74657220746f6f6b2e3c62723e3c2f6469763e, '2017-12-17 12:33:21', '2017-12-17 12:33:21'),
(9, 'Angenila Jolly', '1513514065.jpg', 'CEO', 0x3c64697620616c69676e3d2263656e746572223e4c6f72656d20497073756d2069732073696d706c792064756d6d792074657874206f6620746865207072696e74696e6720616e64207479706573657474696e6720696e6475737472792e204c6f72656d20497073756d20686173206265656e2074686520696e6475737472792773207374616e646172642064756d6d79207465787420657665722073696e6365207468652031353030732c207768656e20616e20756e6b6e6f776e207072696e74657220746f6f6b2e3c62723e3c2f6469763e, '2017-12-17 12:34:25', '2017-12-17 12:34:25');

-- --------------------------------------------------------

--
-- Table structure for table `trxes`
--

CREATE TABLE `trxes` (
  `id` int(10) UNSIGNED NOT NULL,
  `track` varchar(191) COLLATE utf8mb4_unicode_ci NOT NULL DEFAULT '',
  `sender` varchar(191) COLLATE utf8mb4_unicode_ci NOT NULL,
  `receiver` varchar(191) COLLATE utf8mb4_unicode_ci NOT NULL,
  `gross_amount` varchar(191) COLLATE utf8mb4_unicode_ci NOT NULL DEFAULT '0',
  `charge` varchar(191) COLLATE utf8mb4_unicode_ci NOT NULL DEFAULT '0',
  `net_amount` varchar(191) COLLATE utf8mb4_unicode_ci NOT NULL DEFAULT '0',
  `type` varchar(191) COLLATE utf8mb4_unicode_ci NOT NULL,
  `description` text COLLATE utf8mb4_unicode_ci NOT NULL,
  `trxid` text COLLATE utf8mb4_unicode_ci NOT NULL,
  `custom` longtext COLLATE utf8mb4_unicode_ci NOT NULL,
  `status` varchar(191) COLLATE utf8mb4_unicode_ci NOT NULL,
  `created_at` timestamp NULL DEFAULT NULL,
  `updated_at` timestamp NULL DEFAULT NULL
) ENGINE=InnoDB DEFAULT CHARSET=utf8mb4 COLLATE=utf8mb4_unicode_ci;

-- --------------------------------------------------------

--
-- Table structure for table `users`
--

CREATE TABLE `users` (
  `id` int(100) UNSIGNED NOT NULL,
  `refid` int(11) NOT NULL,
  `posid` int(11) NOT NULL,
  `position` varchar(5) COLLATE utf8mb4_unicode_ci NOT NULL,
  `package_id` int(11) NOT NULL,
  `name` varchar(191) COLLATE utf8mb4_unicode_ci NOT NULL,
  `username` varchar(100) COLLATE utf8mb4_unicode_ci NOT NULL,
  `balance` varchar(100) COLLATE utf8mb4_unicode_ci NOT NULL DEFAULT '0',
  `r_limit` float UNSIGNED NOT NULL DEFAULT '0',
  `ewallet` int(100) UNSIGNED NOT NULL DEFAULT '0',
  `dstar` int(5) UNSIGNED NOT NULL DEFAULT '0',
  `email` varchar(191) COLLATE utf8mb4_unicode_ci NOT NULL,
  `country` varchar(100) COLLATE utf8mb4_unicode_ci NOT NULL,
  `docid` varchar(100) COLLATE utf8mb4_unicode_ci NOT NULL,
  `DOB` varchar(100) COLLATE utf8mb4_unicode_ci NOT NULL,
  `gender` varchar(10) COLLATE utf8mb4_unicode_ci NOT NULL,
  `phone` varchar(100) COLLATE utf8mb4_unicode_ci NOT NULL,
  `image` varchar(100) COLLATE utf8mb4_unicode_ci NOT NULL DEFAULT 'user-default.png',
  `id_image` varchar(100) COLLATE utf8mb4_unicode_ci NOT NULL,
  `password` varchar(191) COLLATE utf8mb4_unicode_ci NOT NULL,
  `total` varchar(100) COLLATE utf8mb4_unicode_ci NOT NULL,
  `is_invest` tinyint(1) NOT NULL,
  `shares` float UNSIGNED NOT NULL,
  `network` float UNSIGNED NOT NULL,
  `direct` float UNSIGNED NOT NULL,
  `roi` float UNSIGNED NOT NULL DEFAULT '0',
  `residual` float UNSIGNED NOT NULL DEFAULT '0',
  `reference` varchar(100) COLLATE utf8mb4_unicode_ci NOT NULL,
  `under_reference` int(11) NOT NULL,
  `email_verify` tinyint(1) NOT NULL,
  `email_code` varchar(100) COLLATE utf8mb4_unicode_ci NOT NULL,
  `email_time` datetime NOT NULL,
  `phone_verify` tinyint(1) NOT NULL,
  `phone_code` varchar(100) COLLATE utf8mb4_unicode_ci NOT NULL,
  `phone_time` datetime NOT NULL,
  `status` tinyint(1) NOT NULL DEFAULT '0',
  `deposits` int(11) NOT NULL,
  `total_points` int(30) UNSIGNED NOT NULL,
  `wel` int(5) UNSIGNED NOT NULL DEFAULT '0',
  `tauth` int(11) NOT NULL DEFAULT '0',
  `tfver` int(11) NOT NULL DEFAULT '1',
  `secretcode` varchar(191) COLLATE utf8mb4_unicode_ci NOT NULL DEFAULT '0',
  `login_time` datetime DEFAULT NULL,
  `remember_token` varchar(100) COLLATE utf8mb4_unicode_ci DEFAULT NULL,
  `created_at` timestamp NULL DEFAULT NULL,
  `updated_at` timestamp NULL DEFAULT NULL
) ENGINE=InnoDB DEFAULT CHARSET=utf8mb4 COLLATE=utf8mb4_unicode_ci;

--
-- Dumping data for table `users`
--

INSERT INTO `users` (`id`, `refid`, `posid`, `position`, `package_id`, `name`, `username`, `balance`, `r_limit`, `ewallet`, `dstar`, `email`, `country`, `docid`, `DOB`, `gender`, `phone`, `image`, `id_image`, `password`, `total`, `is_invest`, `shares`, `network`, `direct`, `roi`, `residual`, `reference`, `under_reference`, `email_verify`, `email_code`, `email_time`, `phone_verify`, `phone_code`, `phone_time`, `status`, `deposits`, `total_points`, `wel`, `tauth`, `tfver`, `secretcode`, `login_time`, `remember_token`, `created_at`, `updated_at`) VALUES
(1, 0, 0, 'root', 0, 'root', 'root', '600', 2600, 0, 1, 'root@gmail.com', 'United Kingdom', '15151515115', '1985/05/28', 'Male', '5161516165', 'user-default.png', '0', '$2y$12$t8L4hGx85qETW/JV7RXnEumveuEct/5vbd7PsPEBy2Nga9N2rHdey', '0', 0, 0, 0, 0, 0, 0, '0', 0, 1, 'H7UAGR', '2019-01-28 00:34:58', 1, 'OC6XBC', '2019-01-28 00:34:58', 0, 0, 0, 1, 1, 1, 'FKCC5E4GJQHJCMN3', '2019-11-08 22:50:32', 'F76SPMl9cXzIUmGzpVFu2TctxiB95QAeXPAhD3WwFhUIRDk2KRFUV4DiaagZ', '2019-01-27 19:29:58', '2019-11-08 17:51:29'),
(2, 1, 1, 'Right', 0, 'Redbit Forex', 'redbitforex', '0', 0, 0, 0, 'redbitforex@gmail.com', 'United Kingdom', '151503515300515', '1994/05/52', 'Female', '1515151202050', 'taurus.jpg', 'taurus-verify.png', '$2y$10$IZzQwyBdaTBvVCPoFX0N2OoNC9q9gGSHUs.rxIpzapCxMO2lhUZ8a', '0', 0, 0, 0, 0, 0, 0, 'taurus', 0, 1, '4DJEXH', '2019-01-28 03:43:43', 1, 'H64XBL', '2019-01-28 03:43:43', 0, 0, 0, 1, 0, 1, '0', '2019-10-07 21:58:49', 'Hbn5NuQrknViWdYdRCXB7wYnWNKGpB6OuqnaSGsFzy9dvkeVJTyvGz3MYMag', '2019-01-28 07:38:43', '2019-10-07 16:58:49');

-- --------------------------------------------------------

--
-- Table structure for table `user_datas`
--

CREATE TABLE `user_datas` (
  `id` int(100) UNSIGNED NOT NULL,
  `user_id` int(11) NOT NULL,
  `category_id` int(11) NOT NULL,
  `wallet` longtext COLLATE utf8mb4_unicode_ci,
  `balance` float UNSIGNED NOT NULL,
  `created_at` timestamp NULL DEFAULT NULL,
  `updated_at` timestamp NULL DEFAULT NULL
) ENGINE=InnoDB DEFAULT CHARSET=utf8mb4 COLLATE=utf8mb4_unicode_ci;

--
-- Dumping data for table `user_datas`
--

INSERT INTO `user_datas` (`id`, `user_id`, `category_id`, `wallet`, `balance`, `created_at`, `updated_at`) VALUES
(1, 2, 2, '', 0, '2019-10-07 16:58:49', '2019-10-07 16:58:49'),
(2, 2, 3, '', 0, '2019-10-07 16:58:49', '2019-10-07 16:58:49'),
(3, 2, 4, '', 0, '2019-10-07 16:58:49', '2019-10-07 16:58:49'),
(4, 2, 5, '', 0, '2019-10-07 16:58:49', '2019-10-07 16:58:49'),
(5, 2, 6, '', 0, '2019-10-07 16:58:49', '2019-10-07 16:58:49'),
(6, 1, 2, '12', 0, '2019-11-01 07:44:46', '2019-11-01 09:00:41'),
(7, 1, 3, '', 0, '2019-11-01 07:44:46', '2019-11-01 07:44:46'),
(8, 1, 4, '', 0, '2019-11-01 07:44:46', '2019-11-01 07:44:46'),
(9, 1, 5, '', 0, '2019-11-01 07:44:46', '2019-11-01 07:44:46'),
(10, 1, 6, '', 0, '2019-11-01 07:44:46', '2019-11-01 07:44:46');

-- --------------------------------------------------------

--
-- Table structure for table `user_logins`
--

CREATE TABLE `user_logins` (
  `id` int(10) UNSIGNED NOT NULL,
  `user_id` int(11) NOT NULL,
  `user_ip` varchar(191) COLLATE utf8mb4_unicode_ci NOT NULL,
  `location` varchar(191) COLLATE utf8mb4_unicode_ci NOT NULL,
  `details` varchar(191) COLLATE utf8mb4_unicode_ci NOT NULL,
  `created_at` timestamp NULL DEFAULT NULL,
  `updated_at` timestamp NULL DEFAULT NULL
) ENGINE=InnoDB DEFAULT CHARSET=utf8mb4 COLLATE=utf8mb4_unicode_ci;

--
-- Dumping data for table `user_logins`
--

INSERT INTO `user_logins` (`id`, `user_id`, `user_ip`, `location`, `details`, `created_at`, `updated_at`) VALUES
(1, 2, '::1', ' -  -  -  ', 'Chrome on Windows 10', '2019-10-07 16:58:49', '2019-10-07 16:58:49'),
(2, 1, '::1', ' -  -  -  ', 'Chrome on Windows 10', '2019-11-01 07:44:45', '2019-11-01 07:44:45'),
(3, 1, '::1', ' -  -  -  ', 'Chrome on Windows 10', '2019-11-01 08:17:31', '2019-11-01 08:17:31'),
(4, 1, '::1', ' -  -  -  ', 'Chrome on Windows 10', '2019-11-01 08:52:14', '2019-11-01 08:52:14'),
(5, 1, '::1', ' -  -  -  ', 'Chrome on Windows 10', '2019-11-01 13:03:23', '2019-11-01 13:03:23'),
(6, 1, '::1', ' -  -  -  ', 'Chrome on Windows 10', '2019-11-03 13:45:06', '2019-11-03 13:45:06'),
(7, 1, '::1', ' -  -  -  ', 'Chrome on Windows 10', '2019-11-03 20:40:30', '2019-11-03 20:40:30'),
(8, 1, '::1', ' -  -  -  ', 'Chrome on Windows 10', '2019-11-06 07:43:21', '2019-11-06 07:43:21'),
(9, 1, '::1', ' -  -  -  ', 'Chrome on Windows 10', '2019-11-07 14:35:59', '2019-11-07 14:35:59'),
(10, 1, '::1', ' -  -  -  ', 'Chrome on Windows 10', '2019-11-08 12:58:58', '2019-11-08 12:58:58'),
(11, 1, '::1', ' -  -  -  ', 'Chrome on Windows 10', '2019-11-08 17:50:32', '2019-11-08 17:50:32');

-- --------------------------------------------------------

--
-- Table structure for table `user_logs`
--

CREATE TABLE `user_logs` (
  `id` int(10) UNSIGNED NOT NULL,
  `user_id` int(11) NOT NULL,
  `transaction_id` varchar(255) COLLATE utf8mb4_unicode_ci NOT NULL,
  `amount` varchar(191) COLLATE utf8mb4_unicode_ci NOT NULL,
  `amount_type` tinyint(4) NOT NULL,
  `charge` varchar(191) COLLATE utf8mb4_unicode_ci DEFAULT NULL,
  `post_bal` varchar(100) COLLATE utf8mb4_unicode_ci NOT NULL DEFAULT '0',
  `description` text COLLATE utf8mb4_unicode_ci NOT NULL,
  `created_at` timestamp NULL DEFAULT NULL,
  `updated_at` timestamp NULL DEFAULT NULL
) ENGINE=InnoDB DEFAULT CHARSET=utf8mb4 COLLATE=utf8mb4_unicode_ci;

-- --------------------------------------------------------

--
-- Table structure for table `withdraw_logs`
--

CREATE TABLE `withdraw_logs` (
  `id` int(10) UNSIGNED NOT NULL,
  `user_id` int(11) NOT NULL,
  `method_id` int(11) NOT NULL,
  `type` varchar(191) COLLATE utf8mb4_unicode_ci NOT NULL,
  `transaction_id` varchar(191) COLLATE utf8mb4_unicode_ci NOT NULL,
  `amount` varchar(191) COLLATE utf8mb4_unicode_ci NOT NULL,
  `charge` varchar(191) COLLATE utf8mb4_unicode_ci NOT NULL,
  `net_amount` varchar(191) COLLATE utf8mb4_unicode_ci NOT NULL,
  `send_details` text COLLATE utf8mb4_unicode_ci,
  `message` text COLLATE utf8mb4_unicode_ci,
  `status` tinyint(1) NOT NULL DEFAULT '0',
  `created_at` timestamp NULL DEFAULT NULL,
  `updated_at` timestamp NULL DEFAULT NULL
) ENGINE=InnoDB DEFAULT CHARSET=utf8mb4 COLLATE=utf8mb4_unicode_ci;

-- --------------------------------------------------------

--
-- Table structure for table `withdraw_methods`
--

CREATE TABLE `withdraw_methods` (
  `id` int(10) UNSIGNED NOT NULL,
  `name` varchar(191) COLLATE utf8mb4_unicode_ci NOT NULL,
  `image` varchar(191) COLLATE utf8mb4_unicode_ci NOT NULL,
  `withdraw_min` varchar(100) COLLATE utf8mb4_unicode_ci NOT NULL,
  `withdraw_max` varchar(100) COLLATE utf8mb4_unicode_ci NOT NULL,
  `fix` varchar(191) COLLATE utf8mb4_unicode_ci NOT NULL,
  `percent` varchar(191) COLLATE utf8mb4_unicode_ci NOT NULL,
  `duration` varchar(191) COLLATE utf8mb4_unicode_ci NOT NULL,
  `status` tinyint(1) NOT NULL,
  `created_at` timestamp NULL DEFAULT NULL,
  `updated_at` timestamp NULL DEFAULT NULL
) ENGINE=InnoDB DEFAULT CHARSET=utf8mb4 COLLATE=utf8mb4_unicode_ci;

--
-- Dumping data for table `withdraw_methods`
--

INSERT INTO `withdraw_methods` (`id`, `name`, `image`, `withdraw_min`, `withdraw_max`, `fix`, `percent`, `duration`, `status`, `created_at`, `updated_at`) VALUES
(1, 'bKash', '1506108954h8.png', '20', '25000', '25', '2.25', '2', 1, '2017-07-28 09:09:41', '2017-09-22 07:36:13'),
(2, 'Sure Cash', '1508828617h8.png', '100', '2000', '25', '2.30', '3', 1, '2017-07-28 09:10:00', '2017-10-24 01:03:37'),
(3, 'Dutch Bangla Bank', '1506112905h8.png', '50', '20000', '0', '0', '1', 1, '2017-08-09 15:06:21', '2017-10-24 01:01:54'),
(5, 'SADFADSF', '1508846467h8.png', '10000', '10000', '10', '1', '15', 1, '2017-10-24 06:01:07', '2017-10-24 06:01:07');

--
-- Indexes for dumped tables
--

--
-- Indexes for table `admins`
--
ALTER TABLE `admins`
  ADD PRIMARY KEY (`id`),
  ADD UNIQUE KEY `admins_email_unique` (`email`);

--
-- Indexes for table `apis`
--
ALTER TABLE `apis`
  ADD PRIMARY KEY (`id`);

--
-- Indexes for table `basic_settings`
--
ALTER TABLE `basic_settings`
  ADD PRIMARY KEY (`id`);

--
-- Indexes for table `binary_log`
--
ALTER TABLE `binary_log`
  ADD PRIMARY KEY (`id`);

--
-- Indexes for table `bonus`
--
ALTER TABLE `bonus`
  ADD PRIMARY KEY (`bonus_id`);

--
-- Indexes for table `categories`
--
ALTER TABLE `categories`
  ADD PRIMARY KEY (`id`);

--
-- Indexes for table `deposits`
--
ALTER TABLE `deposits`
  ADD PRIMARY KEY (`id`);

--
-- Indexes for table `deposit_images`
--
ALTER TABLE `deposit_images`
  ADD PRIMARY KEY (`id`);

--
-- Indexes for table `detail_logs`
--
ALTER TABLE `detail_logs`
  ADD PRIMARY KEY (`id`);

--
-- Indexes for table `faqs`
--
ALTER TABLE `faqs`
  ADD PRIMARY KEY (`id`);

--
-- Indexes for table `features`
--
ALTER TABLE `features`
  ADD PRIMARY KEY (`id`);

--
-- Indexes for table `investments`
--
ALTER TABLE `investments`
  ADD PRIMARY KEY (`id`);

--
-- Indexes for table `investment_plan`
--
ALTER TABLE `investment_plan`
  ADD PRIMARY KEY (`package_id`);

--
-- Indexes for table `levels`
--
ALTER TABLE `levels`
  ADD PRIMARY KEY (`level_id`);

--
-- Indexes for table `menus`
--
ALTER TABLE `menus`
  ADD PRIMARY KEY (`id`);

--
-- Indexes for table `migrations`
--
ALTER TABLE `migrations`
  ADD PRIMARY KEY (`id`);

--
-- Indexes for table `packages`
--
ALTER TABLE `packages`
  ADD PRIMARY KEY (`pid`);

--
-- Indexes for table `packages_log`
--
ALTER TABLE `packages_log`
  ADD PRIMARY KEY (`id`);

--
-- Indexes for table `pages`
--
ALTER TABLE `pages`
  ADD PRIMARY KEY (`id`);

--
-- Indexes for table `partners`
--
ALTER TABLE `partners`
  ADD PRIMARY KEY (`id`);

--
-- Indexes for table `password_resets`
--
ALTER TABLE `password_resets`
  ADD KEY `password_resets_email_index` (`email`);

--
-- Indexes for table `payments`
--
ALTER TABLE `payments`
  ADD PRIMARY KEY (`id`);

--
-- Indexes for table `payment_logs`
--
ALTER TABLE `payment_logs`
  ADD PRIMARY KEY (`id`);

--
-- Indexes for table `payment_methods`
--
ALTER TABLE `payment_methods`
  ADD PRIMARY KEY (`id`);

--
-- Indexes for table `plans`
--
ALTER TABLE `plans`
  ADD PRIMARY KEY (`id`);

--
-- Indexes for table `plan_logs`
--
ALTER TABLE `plan_logs`
  ADD PRIMARY KEY (`id`);

--
-- Indexes for table `procedures`
--
ALTER TABLE `procedures`
  ADD PRIMARY KEY (`id`);

--
-- Indexes for table `referrals`
--
ALTER TABLE `referrals`
  ADD PRIMARY KEY (`referral_id`);

--
-- Indexes for table `referral_details`
--
ALTER TABLE `referral_details`
  ADD PRIMARY KEY (`rdid`);

--
-- Indexes for table `repeats`
--
ALTER TABLE `repeats`
  ADD PRIMARY KEY (`id`);

--
-- Indexes for table `repeat_logs`
--
ALTER TABLE `repeat_logs`
  ADD PRIMARY KEY (`id`);

--
-- Indexes for table `returns`
--
ALTER TABLE `returns`
  ADD PRIMARY KEY (`id`);

--
-- Indexes for table `services`
--
ALTER TABLE `services`
  ADD PRIMARY KEY (`id`);

--
-- Indexes for table `sliders`
--
ALTER TABLE `sliders`
  ADD PRIMARY KEY (`id`);

--
-- Indexes for table `socials`
--
ALTER TABLE `socials`
  ADD PRIMARY KEY (`id`);

--
-- Indexes for table `supports`
--
ALTER TABLE `supports`
  ADD PRIMARY KEY (`id`);

--
-- Indexes for table `support_messages`
--
ALTER TABLE `support_messages`
  ADD PRIMARY KEY (`id`);

--
-- Indexes for table `testimonials`
--
ALTER TABLE `testimonials`
  ADD PRIMARY KEY (`id`);

--
-- Indexes for table `trxes`
--
ALTER TABLE `trxes`
  ADD PRIMARY KEY (`id`);

--
-- Indexes for table `users`
--
ALTER TABLE `users`
  ADD PRIMARY KEY (`id`),
  ADD UNIQUE KEY `users_email_unique` (`email`);

--
-- Indexes for table `user_datas`
--
ALTER TABLE `user_datas`
  ADD PRIMARY KEY (`id`);

--
-- Indexes for table `user_logins`
--
ALTER TABLE `user_logins`
  ADD PRIMARY KEY (`id`);

--
-- Indexes for table `user_logs`
--
ALTER TABLE `user_logs`
  ADD PRIMARY KEY (`id`);

--
-- Indexes for table `withdraw_logs`
--
ALTER TABLE `withdraw_logs`
  ADD PRIMARY KEY (`id`);

--
-- Indexes for table `withdraw_methods`
--
ALTER TABLE `withdraw_methods`
  ADD PRIMARY KEY (`id`);

--
-- AUTO_INCREMENT for dumped tables
--

--
-- AUTO_INCREMENT for table `admins`
--
ALTER TABLE `admins`
  MODIFY `id` int(10) UNSIGNED NOT NULL AUTO_INCREMENT, AUTO_INCREMENT=2;

--
-- AUTO_INCREMENT for table `apis`
--
ALTER TABLE `apis`
  MODIFY `id` int(10) UNSIGNED NOT NULL AUTO_INCREMENT, AUTO_INCREMENT=3;

--
-- AUTO_INCREMENT for table `basic_settings`
--
ALTER TABLE `basic_settings`
  MODIFY `id` int(10) UNSIGNED NOT NULL AUTO_INCREMENT, AUTO_INCREMENT=2;

--
-- AUTO_INCREMENT for table `binary_log`
--
ALTER TABLE `binary_log`
  MODIFY `id` int(11) NOT NULL AUTO_INCREMENT;

--
-- AUTO_INCREMENT for table `bonus`
--
ALTER TABLE `bonus`
  MODIFY `bonus_id` int(11) NOT NULL AUTO_INCREMENT;

--
-- AUTO_INCREMENT for table `categories`
--
ALTER TABLE `categories`
  MODIFY `id` int(10) UNSIGNED NOT NULL AUTO_INCREMENT, AUTO_INCREMENT=7;

--
-- AUTO_INCREMENT for table `deposits`
--
ALTER TABLE `deposits`
  MODIFY `id` int(10) UNSIGNED NOT NULL AUTO_INCREMENT, AUTO_INCREMENT=8;

--
-- AUTO_INCREMENT for table `deposit_images`
--
ALTER TABLE `deposit_images`
  MODIFY `id` int(10) UNSIGNED NOT NULL AUTO_INCREMENT;

--
-- AUTO_INCREMENT for table `detail_logs`
--
ALTER TABLE `detail_logs`
  MODIFY `id` int(11) NOT NULL AUTO_INCREMENT;

--
-- AUTO_INCREMENT for table `faqs`
--
ALTER TABLE `faqs`
  MODIFY `id` int(10) UNSIGNED NOT NULL AUTO_INCREMENT, AUTO_INCREMENT=6;

--
-- AUTO_INCREMENT for table `features`
--
ALTER TABLE `features`
  MODIFY `id` int(10) UNSIGNED NOT NULL AUTO_INCREMENT, AUTO_INCREMENT=9;

--
-- AUTO_INCREMENT for table `investments`
--
ALTER TABLE `investments`
  MODIFY `id` int(10) UNSIGNED NOT NULL AUTO_INCREMENT;

--
-- AUTO_INCREMENT for table `investment_plan`
--
ALTER TABLE `investment_plan`
  MODIFY `package_id` int(11) NOT NULL AUTO_INCREMENT, AUTO_INCREMENT=3;

--
-- AUTO_INCREMENT for table `levels`
--
ALTER TABLE `levels`
  MODIFY `level_id` int(11) NOT NULL AUTO_INCREMENT, AUTO_INCREMENT=9;

--
-- AUTO_INCREMENT for table `menus`
--
ALTER TABLE `menus`
  MODIFY `id` int(10) UNSIGNED NOT NULL AUTO_INCREMENT, AUTO_INCREMENT=2;

--
-- AUTO_INCREMENT for table `migrations`
--
ALTER TABLE `migrations`
  MODIFY `id` int(10) UNSIGNED NOT NULL AUTO_INCREMENT, AUTO_INCREMENT=12;

--
-- AUTO_INCREMENT for table `packages`
--
ALTER TABLE `packages`
  MODIFY `pid` int(10) UNSIGNED NOT NULL AUTO_INCREMENT, AUTO_INCREMENT=10;

--
-- AUTO_INCREMENT for table `packages_log`
--
ALTER TABLE `packages_log`
  MODIFY `id` int(11) NOT NULL AUTO_INCREMENT, AUTO_INCREMENT=4;

--
-- AUTO_INCREMENT for table `pages`
--
ALTER TABLE `pages`
  MODIFY `id` int(10) UNSIGNED NOT NULL AUTO_INCREMENT, AUTO_INCREMENT=2;

--
-- AUTO_INCREMENT for table `partners`
--
ALTER TABLE `partners`
  MODIFY `id` int(10) UNSIGNED NOT NULL AUTO_INCREMENT, AUTO_INCREMENT=5;

--
-- AUTO_INCREMENT for table `payments`
--
ALTER TABLE `payments`
  MODIFY `id` int(255) NOT NULL AUTO_INCREMENT, AUTO_INCREMENT=13;

--
-- AUTO_INCREMENT for table `payment_logs`
--
ALTER TABLE `payment_logs`
  MODIFY `id` int(10) UNSIGNED NOT NULL AUTO_INCREMENT, AUTO_INCREMENT=30;

--
-- AUTO_INCREMENT for table `payment_methods`
--
ALTER TABLE `payment_methods`
  MODIFY `id` int(10) UNSIGNED NOT NULL AUTO_INCREMENT, AUTO_INCREMENT=7;

--
-- AUTO_INCREMENT for table `plans`
--
ALTER TABLE `plans`
  MODIFY `id` int(10) UNSIGNED NOT NULL AUTO_INCREMENT, AUTO_INCREMENT=10;

--
-- AUTO_INCREMENT for table `plan_logs`
--
ALTER TABLE `plan_logs`
  MODIFY `id` int(10) UNSIGNED NOT NULL AUTO_INCREMENT;

--
-- AUTO_INCREMENT for table `procedures`
--
ALTER TABLE `procedures`
  MODIFY `id` int(10) UNSIGNED NOT NULL AUTO_INCREMENT, AUTO_INCREMENT=5;

--
-- AUTO_INCREMENT for table `referrals`
--
ALTER TABLE `referrals`
  MODIFY `referral_id` int(11) NOT NULL AUTO_INCREMENT, AUTO_INCREMENT=3;

--
-- AUTO_INCREMENT for table `referral_details`
--
ALTER TABLE `referral_details`
  MODIFY `rdid` int(11) NOT NULL AUTO_INCREMENT;

--
-- AUTO_INCREMENT for table `repeats`
--
ALTER TABLE `repeats`
  MODIFY `id` int(10) UNSIGNED NOT NULL AUTO_INCREMENT;

--
-- AUTO_INCREMENT for table `repeat_logs`
--
ALTER TABLE `repeat_logs`
  MODIFY `id` int(10) UNSIGNED NOT NULL AUTO_INCREMENT;

--
-- AUTO_INCREMENT for table `returns`
--
ALTER TABLE `returns`
  MODIFY `id` int(10) UNSIGNED NOT NULL AUTO_INCREMENT;

--
-- AUTO_INCREMENT for table `services`
--
ALTER TABLE `services`
  MODIFY `id` int(10) UNSIGNED NOT NULL AUTO_INCREMENT, AUTO_INCREMENT=9;

--
-- AUTO_INCREMENT for table `sliders`
--
ALTER TABLE `sliders`
  MODIFY `id` int(10) UNSIGNED NOT NULL AUTO_INCREMENT, AUTO_INCREMENT=6;

--
-- AUTO_INCREMENT for table `socials`
--
ALTER TABLE `socials`
  MODIFY `id` int(10) UNSIGNED NOT NULL AUTO_INCREMENT, AUTO_INCREMENT=9;

--
-- AUTO_INCREMENT for table `supports`
--
ALTER TABLE `supports`
  MODIFY `id` int(10) UNSIGNED NOT NULL AUTO_INCREMENT, AUTO_INCREMENT=2;

--
-- AUTO_INCREMENT for table `support_messages`
--
ALTER TABLE `support_messages`
  MODIFY `id` int(10) UNSIGNED NOT NULL AUTO_INCREMENT, AUTO_INCREMENT=4;

--
-- AUTO_INCREMENT for table `testimonials`
--
ALTER TABLE `testimonials`
  MODIFY `id` int(10) UNSIGNED NOT NULL AUTO_INCREMENT, AUTO_INCREMENT=10;

--
-- AUTO_INCREMENT for table `trxes`
--
ALTER TABLE `trxes`
  MODIFY `id` int(10) UNSIGNED NOT NULL AUTO_INCREMENT;

--
-- AUTO_INCREMENT for table `users`
--
ALTER TABLE `users`
  MODIFY `id` int(100) UNSIGNED NOT NULL AUTO_INCREMENT, AUTO_INCREMENT=3;

--
-- AUTO_INCREMENT for table `user_datas`
--
ALTER TABLE `user_datas`
  MODIFY `id` int(100) UNSIGNED NOT NULL AUTO_INCREMENT, AUTO_INCREMENT=11;

--
-- AUTO_INCREMENT for table `user_logins`
--
ALTER TABLE `user_logins`
  MODIFY `id` int(10) UNSIGNED NOT NULL AUTO_INCREMENT, AUTO_INCREMENT=12;

--
-- AUTO_INCREMENT for table `user_logs`
--
ALTER TABLE `user_logs`
  MODIFY `id` int(10) UNSIGNED NOT NULL AUTO_INCREMENT;

--
-- AUTO_INCREMENT for table `withdraw_logs`
--
ALTER TABLE `withdraw_logs`
  MODIFY `id` int(10) UNSIGNED NOT NULL AUTO_INCREMENT;

--
-- AUTO_INCREMENT for table `withdraw_methods`
--
ALTER TABLE `withdraw_methods`
  MODIFY `id` int(10) UNSIGNED NOT NULL AUTO_INCREMENT, AUTO_INCREMENT=6;
COMMIT;

/*!40101 SET CHARACTER_SET_CLIENT=@OLD_CHARACTER_SET_CLIENT */;
/*!40101 SET CHARACTER_SET_RESULTS=@OLD_CHARACTER_SET_RESULTS */;
/*!40101 SET COLLATION_CONNECTION=@OLD_COLLATION_CONNECTION */;
